id,name,movie_id
1059129,한재림,626872
980218,이석훈,736820
548068,황인호,774548
552154,박규태,821153
557736,박훈정,615173
25645,是枝裕和,736732
2376041,이상용,619803
119337,최동훈,601796
1294527,김홍선,799379
73249,李政宰,727340
3457652,Kim Soo-jung,993885
10099,박찬욱,705996
1023610,Park Dae-min,606403
84749,Yoon Jong-seok,634595
3140690,오윤동,946615
1565972,Lee Il-hyung,633374
2405028,Kim Hyung-joo,629028
1049134,김한민,588108
3001949,An Tae-jin,806128
3815825,이예지,1038198
2132020,Im Jin-soon,717090
2504743,Kang Dong-hun,877260
2204473,Choi Jae-hoon,938008
548652,Yoon Jae-geun,602295
96657,이창동,491584
63429,곽재용,821661
1072375,김성수,882580
1619433,Seo Eun-young,962489
145376,Lee Kyu-man,610321
1707304,최국희,616670
1294510,Lee Seung-jun,718289
1265918,Cho Yong-sun,731684
240016,Jang Yoo-jung,795276
565392,Park Dong-hun,628802
230360,Kwon Soo-kyung,630217
2448983,Jeong Ji-yeon,626129
1293686,변성현,573787
2523822,He Shuming,958937
548666,장철수,743814
1334911,Lee Yeon-woo,817557
126809,이준익,581390
2648776,Lee Moon-young,840528
150975,홍상수,795797
3312260,이상헌,817480
1066215,김종관,589713
150975,홍상수,820517
150975,홍상수,928713
2441844,Lee Ran-hee,743475
1455815,Kane Senes,934207
2101968,Hannah Barlow,934207
96449,Clara Law,889507
285104,Nabil Ayouch,575764
1779883,Noel Cleary,681260
1304466,Alexs Stadermann,681260
2240093,Lok Kwan Woo,934957
3483989,Adam Gunn,955644
116736,Matthias Temmermans,955644
28523,Dietrich Brüggemann,567927
32958,Dominik Graf,620498
22686,Maria Schrader,795813
3872,丹尼爾·布爾,681349
46680,Florian Gallenberger,871530
1119419,Shawkat Amin Korki,852457
1992140,Adam Kalderon,739323
1270757,Marcela Lordy,607442
104243,佛洛里昂·大衛·費茲,546630
1185850,Ronny Trocker,776542
1071,Tom Tykwer,104
69488,Nanni Moretti,608980
225160,Paolo Genovese,612491
71174,Tsai Ming-liang,47060
2166,Sergio Castellitto,654344
2812831,Mattia Temponi,752616
1202063,Ninja Thyberg,592695
224591,Thomas Robsahm,655738
1855522,Cyril Schäublin,749136
1145841,Ramon Zürcher,517815
2021634,Silvan Zürcher,517815
1091974,Sebastian Meise,835975
3126678,Peter Mourougaya,760522
2428652,Trần Hữu Tấn,930478
1264876,Le Van Kiet,947890
3293749,Hà Lệ Diễm,893030
1180660,Peter Bebjak,717694
1664690,Jan Bubeníček,588890
223657,Denisa Grimmová Abrhámová,588890
138797,F. A. Brabec,725133
1197916,Tan Chui Mui,796151
2267529,José Zelada,588921
57810,Richard Claus,588921
146922,Ilya Maksimov,763539
1040793,Maryna Er Gorbach,913760
2770699,Weerachit Thongjila,810406
2451192,Noppharnach Chaiwimol,810406
3028833,Kanittha Kwanyu,810406
2415585,Pattaraporn Werasakwong,939879
3452577,Eakarpon Settasuk,939879
3452586,Jatuphong Rungrueangdechaphat,939879
3467504,Lertsiri Boonmee,947514
3467507,Wuttichai Wongnoppadon,947514
3466273,Chalit Krileadmongkon,949697
1286081,ภาคภูมิ วงษ์จินดา,949697
1651297,Phontharis Chotkijsadarsopon,937743
1678442,Prueksa Amaruji,922378
69759,Apichatpong Weerasethakul,511819
69759,Apichatpong Weerasethakul,38368
3466273,Chalit Krileadmongkon,947049
3631267,Chittapol Ruengkulp,947049
444892,Eskil Vogt,660942
1421849,Yngvild Sve Flikke,654074
3095085,Huiwu Ma,831031
1144405,Leung Lok-man,848788
70109,陳木勝,513692
58052,韋家輝,543504
2434741,Hing Fan Wong,640092
12453,王家衛,18329
12453,王家衛,18311
96861,關錦鵬,68883
2067023,Sunny Chan Wing-Sun,851800
93991,鄭保瑞,591222
118734,Yang Shupeng,436792
141503,林德禄,814785
96861,關錦鵬,68004
11401,吴宇森,11471
3162624,Coba Cheng,851798
20640,陳凱歌,10997
999463,Kearen Pang,942171
123199,Ann Hui,537761
62410,洪金寶,537761
26767,林嶺東,537761
71063,Patrick Tam Kar-Ming,537761
25236,杜琪峯,537761
26760,徐克,537761
18899,袁和平,537761
1730474,Chan Tze-Woon,924120
1135709,黃明昇,941132
103602,張婉婷,64015
96856,Yonfan,616020
3639307,Ho Cheuk-Tin,1005251
96856,Yonfan,27060
3246960,Candy Ng Wing-Shan,876189
2566143,Chiu Hoi Yeung,876189
1393213,Judy Chu,838119
66718,麥兆輝,10775
65994,劉偉強,10775
96856,Yonfan,255856
3447341,Terry Ng Ka-Wai,987446
64992,侯孝賢,45935
65994,劉偉強,11647
66718,麥兆輝,11647
65994,劉偉強,14310
66718,麥兆輝,14310
3199825,Yang Ming-hui,861947
15488,Ken Loach,2143
1277754,Kiwi Chow,850884
240,史丹利·庫柏力克,185
56370,Ruben Östlund,497828
1088096,James Nunn,960258
191750,Philip Barantini,807196
1943403,Peeter Rebane,797838
572295,Howard J. Ford,924482
43553,Jerzy Skolimowski,785398
1035,保羅·施拉德,643532
975,Nick Moran,624793
168330,Ben Lewin,508444
224,David Cronenberg,2742
224,David Cronenberg,884
72757,Steve McQueen,76025
1405878,Adina Istrate,816344
3044062,Giannina La Salvia,816344
1953918,Tian Tsering,496404
1061561,Mark Cousins,844176
14132,Nicolas Roeg,42035
1293994,喬恩·沃茨,634649
2710,詹姆斯·卡麥隆,76600
1395183,Chloé Zhao,524434
7623,山姆·萊米,453395
55934,塔伊加·維迪提,616037
957,Matthew Vaughn,476669
1333,安迪·瑟克斯,580489
137427,丹尼·維勒納夫,438631
1144604,Destin Daniel Cretton,566525
59521,Jaume Collet-Serra,436270
32278,麥特·李維斯,414906
11343,David Yates,338953
40684,大衛·雷奇,718930
91268,Ruben Fleischer,335787
17825,肖恩·利維,550988
1317730,丹尼爾舒奈特,545611
1383612,關家永,545611
9340,Lana Wachowski,624860
6046,Roland Emmerich,406759
100734,Johannes Roberts,460458
125738,Daniel Espinosa,526896
93286,Cate Shortland,497698
7929,Angus MacLane,718789
11181,肯尼斯·布萊納,505026
76595,Byron Howard,568124
1318201,Jared Bush,568124
2218465,Parker Finn,882598
931525,Aaron Nee,752623
174313,Adam Nee,752623
55934,塔伊加·維迪提,616037
865,麥可·貝,763285
62768,William Brent Bell,760161
1261455,Pierre Perifel,629542
1098477,Cal Brunker,675445
17510,Ol Parker,800939
57199,Mark Mylod,593643
1607672,Michael Chaves,423108
89027,Jared Stern,539681
4746,Robert Lorenz,634528
930567,Enrico Casarosa,508943
10828,Guillermo del Toro,597208
5655,魏斯·安德森,542178
18864,Tom McGrath,459151
90812,Scott Mann,985939
143059,Patrick Hughes,522931
1485406,J.D. Dillard,653851
206574,Mark Williams,823625
1306608,Adam Robitel,585216
2127,溫子仁,619778
120245,Daniel Stamm,676547
55499,Scott Derrickson,756999
1211000,Tom Gormican,648579
78160,盧卡·格達戈尼諾,398818
10965,Chris Columbus,671
1046225,Rodo Sayagues,482373
876,Jonathan Hensleigh,646207
76927,Tommy Wirkola,899112
11092,賽門·金柏格,522016
208113,Sarah Smith,482321
1454692,Jean-Philippe Vine,482321
1039527,Tyler Gillett,646385
66681,Matt Bettinelli-Olpin,646385
11090,Edgar Wright,576845
1415665,Reinaldo Marcus Green,614917
1668008,Olivia Newman,682507
17883,David O. Russell,664469
64141,David Gordon Green,610253
931952,Lee Isaac Chung,615643
1758663,Advait Chandan,601635
68573,Walt Becker,585245
59315,奧莉薇亞·魏爾德,619730
10702,Martin Campbell,818397
64141,David Gordon Green,616820
225009,Pablo Larraín,716612
78160,盧卡·格達戈尼諾,791177
20629,喬治·米勒,556694
52934,尼可拉斯·史托勒,614939
65167,Scott Cooper,516329
578,雷利·史考特,617653
1814510,Tom George,766475
488,史蒂芬·史匹柏,511809
67813,Baltasar Kormákur,760741
893,Tony Scott,744
94815,Louie Psihoyos,836723
1709460,Jessica M. Thompson,830788
39847,Halina Reijn,520023
240,史丹利·庫柏力克,62
201,Michel Gondry,38
66212,Timo Vuorensola,717728
18844,John Madden,661231
18898,Rob Minkoff,366672
173394,Chris Bailey,366672
1535020,Mark Koetsier,366672
240,史丹利·庫柏力克,694
119293,Tarik Saleh,628900
51864,卡茜·萊蒙斯,696157
22686,Maria Schrader,837881
1032,馬丁·史柯西斯,9746
1297488,Allan Ungar,842942
13015,Phillip Noyce,764835
7017,Roger Michell,536396
11181,肯尼斯·布萊納,777270
232002,Peter Hutchings,603661
1211636,James Cullen Bressack,888195
1052055,Randall Okita,825808
1564258,Romuald Boulanger,979924
1190581,Alejandro Hidalgo,836225
38673,查寧·塔圖,626735
1074867,Reid Carolin,626735
71609,Joachim Trier,75233
2613318,Edward Drake,1024546
1211636,James Cullen Bressack,826749
583932,Jared Cohn,718949
240,史丹利·庫柏力克,600
568692,Tim Fehlbaum,760873
2742953,Mark Toia,733317
1279519,Sara Colangelo,649394
2613318,Edward Drake,1035803
20193,Mark Neveldine,628878
582255,Kike Maíllo,655917
240,史丹利·庫柏力克,345
39104,Abel Ferrara,762433
1504645,John Swab,818192
1374429,Wes Miller,864116
12238,David Lean,907
87494,Paul Solet,689700
2880,Emilio Estevez,59468
59231,Joel David Moore,801271
2410737,Sophia Banks,848123
95573,Aron Gaudet,628914
95575,Gita Pullapilly,628914
36588,Joe Wright,730047
77162,Rodrigo García,641960
88084,Luis Prieto,844398
7270,Adrian Lyne,9769
2613318,Edward Drake,916821
2613318,Edward Drake,766907
83858,Simon Barrett,641668
1437193,Lauren Hadaway,821427
2613318,Edward Drake,763164
2880,Emilio Estevez,331986
1480711,Drew Mylrea,789171
60923,Will Speck,830784
60922,Josh Gordon,830784
139558,Josh Sternfeld,883502
9158,Sharon Maguire,634
10491,Paul Verhoeven,10802
1409624,Eddie Arya,850099
510,提姆·波頓,12155
1088096,James Nunn,811592
1332321,Mye Hoang,896689
1178371,Daniel Ferguson,577721
5281,Spike Lee,925
4782087,Qiu Yu,1306218
3342366,Alejandro Loayza Grisi,913820
15254,Emir Kusturica,11902
1311031,Svyatoslav Podgaevsky,575088
1695602,Alexandr Babaev,659384
230445,Vadim Shmelyov,579831
230715,Renat Davletyarov,597859
1992194,Andrey Zagidullin,575072
1204066,Natalya Merkulova,818621
1204065,Alexey Chupov,818621
1491551,Игорь Копылов,818415
562730,Данила Козловский,589761
8452,Андрей Тарковский,1396
8452,Андрей Тарковский,1398
1168608,Taneli Mustonen,477462
87322,Aku Louhimies,655302
1064049,Alli Haapasalo,683363
2020204,Hanna Bergholm,517302
124856,Zaida Bergroth,608232
1044881,Teemu Nikki,716855
1107609,Maria Sadowska,881764
2055172,Maciej Barczewski,845875
10316,Θόδωρος Αγγελόπουλος,24858
68813,Céline Sciamma,531428
1186076,Philippe Lacheau,746333
939337,威爾·沙比,617762
225407,Yann Gozlan,663260
1392433,Julia Ducournau,630240
1017274,Audrey Diwan,793998
108552,Barthélémy Grossmann,955569
32226,Pascal-Alex Vincent,809488
56735,David Moreau,892527
68813,Céline Sciamma,749004
2832609,Alexandre Jollien,757999
41029,Bernard Campan,757999
2830542,Vanya Peirani-Vignes,827887
1422940,Martin Bourboulon,655082
81118,Emmanuel Carrère,601188
67717,Michel Hazanavicius,852438
1366957,Sylvie Ohayon,719463
931581,Mikhaël Hers,895659
79002,Nacho G. Velilla,826218
222686,Mia Hansen-Løve,477044
113855,Xavier Giannoli,660000
4387,François Ozon,735726
1721013,Eric Gravel,833417
1105712,Régis Roinsard,477018
70221,Christian Carion,750253
1366309,Denis Imbert,754067
2664731,Suzanne Lindon,712134
145678,Patrick Ridremont,762079
239637,Jérôme Bonnell,833428
7288,Stéphane Brizé,485162
1650,François Truffaut,147
1175622,Arthur Harari,695089
38883,Arnaud Desplechin,774343
45138,Luc Dardenne,914203
56209,Jean-Pierre Dardenne,914203
3776,Jean-Luc Godard,269
1364039,Antoine Barraud,659988
1035304,Danielle Arbid,526811
1713223,Jimmy Keyrouz,712128
1650,François Truffaut,1628
1846754,Fanny Liatard,712178
2195612,Jérémy Trouilh,712178
1171420,Antonin Peretjatko,660955
17458,Abdellatif Kechiche,152584
1650,François Truffaut,1716
54675,Zabou Breitman,582881
2244653,Eléa Gobbé-Mévellec,582881
35530,Christopher Thompson,757341
77131,Pascal Elbé,809733
222686,Mia Hansen-Løve,747779
1784936,Charline Bourgeois-Tacquet,781453
7288,Stéphane Brizé,664506
3776,Jean-Luc Godard,8072
113610,Thomas Gilou,736500
1402420,Louis-Julien Petit,845140
3776,Jean-Luc Godard,1626
3776,Jean-Luc Godard,4710
24485,妮可·賈西亞,594691
1494070,Cécile Ducrocq,810677
4600,Joe Dante,11298
445843,Axelle Ropert,749107
114953,潔哈汀·娜卡契,589985
19937,Valérie Donzelli,582886
10316,Θόδωρος Αγγελόπουλος,47792
10316,Θόδωρος Αγγελόπουλος,51735
239542,中平康,179890
10316,Θόδωρος Αγγελόπουλος,47795
1271172,Sonia Liza Kenterman,764810
309,佩卓·阿莫多瓦,766798
1200444,丹尼·迪·拉·歐登,755437
584191,Gastón Duprat,668640
584193,Mariano Cohn,668640
212687,Daniel Calparsoro,542917
2269274,Roberto Bueso,954748
1045394,Toni García,768726
1263877,Jorge Dorado,946706
2002122,Macarena Astorga,772148
87378,Ayan Mukerji,496331
1697401,Jeo Baby,786064
7324,Pan Nalin,821494
121798,Joko Anwar,925786
1515263,Kamila Andini,859933
930499,Péter Bergendy,655363
1059880,Ildikó Enyedi,574078
2961971,Hannes Þór Halldórsson,792775
119294,Abbas Kiarostami,49964
119294,Abbas Kiarostami,47104
119294,Abbas Kiarostami,83761
229931,اصغر فرهادی,672208
1901973,Behtash Sanaeeha,669401
1901974,Maryam Moghaddam,669401
1661499,Leon Lee,888602
143593,Xavier Dolan,519141
224,David Cronenberg,819876
110,維果·莫天森,554761
1866491,Phil Connell,740963
1097098,Christopher MacBride,522406
2905749,Benjamin Mousquet,778855
76100,Ben Stassen,778855
1283010,外崎春雄,635302
2264366,박성후,810693
125385,橋本昌和,955666
109191,今石洋之,553600
1845070,三浦陽,795564
1456779,三原三千夫,795564
1175046,鈴木大司,795564
1937966,Wataru Takahashi,795564
1654352,菊地康仁,876792
1360022,藤井道人,876797
608,宮崎駿,129
992866,大森貴弘,877840
608,宮崎駿,8392
1373229,田口智久,916192
2403335,児玉徹郎,610150
1487492,濱口竜介,758866
608,宮崎駿,10515
1495399,神保昌登,820067
133251,三木孝浩,977871
127890,西谷弘,956564
1530279,赤井俊文,829920
101915,山本泰一郎,925492
1481756,龍輪直征,820530
1487492,濱口竜介,795811
1898633,井上雄彦,783675
93107,湯浅政明,642538
1880399,Kazuhito Nakae,824362
131564,吉浦康裕,741335
1310363,永井聡,808667
63689,下山天,983866
1693097,井端義秀,896499
20310,清水崇,854006
1034272,橋本一,698215
1695439,直谷たかし,978039
130646,土井裕泰,695932
934830,平牧大輔,966709
2936479,野呂純恵,1081641
1969266,越田知明,1081640
2130029,上田慎一郎,899743
2230559,片山慎三,874476
1310153,李虹,264718
131374,前田哲,853731
52909,原田眞人,726894
135208,田中亮,930432
1072778,山田尚子,120811
106549,瀬々敬久,794719
1265162,永江二朗,959439
130459,佐藤東弥,76826
1187141,宮地昌幸,633844
40336,安藤雅司,633844
2430932,清水康彦,792678
1117479,渡辺歩,781816
77679,塚本連平,514880
1324582,いしづかあつこ,846993
1051851,村上正典,996499
2388945,Loundraw,798544
1748363,神徳幸治,853821
127218,平野隆,996666
1138579,大九明子,912632
1494690,早川千絵,958487
1487492,濱口竜介,487850
128476,三木聡,831920
233694,水谷豊,1037696
1279429,タカハタ秀太,844225
2752335,後藤庸介,938133
1264467,狩山俊輔,963131
69167,伊丹十三,42095
69167,伊丹十三,11830
94050,荻上直子,749927
1421873,坂下雄一郎,863857
142670,李相日,849786
1285000,堀貴秀,464768
183,森本晃司,77248
557936,中澤一登,77248
240777,田中達之,77248
56341,前田真宏,77248
1456632,大平晋也,77248
133251,三木孝浩,961415
238727,渡辺謙作,956450
585208,英勉,742396
1204797,片岡翔,958017
81355,堤幸彦,735409
1046090,深田晃司,927594
572028,城定秀夫,987573
106549,瀬々敬久,794721
237465,小泉德宏,961266
1500346,河合勇人,756198
628,高畑勳,149871
1919583,堀江貴大,810587
628,高畑勳,15080
78268,廣木隆一,848298
579313,内田英治,961381
1730920,川面真也,760758
1131417,Edmund Yeo,847335
236470,三谷幸喜,46361
1139402,John Daschbach,809695
1050610,沖田修一,952438
97359,平山秀幸,954094
1115707,吉田大八,744714
1321076,伊藤尚往,461078
572028,城定秀夫,960312
131186,中島哲也,54186
1422573,ウエダアツシ,810674
1133053,今泉力哉,859798
1134988,李闘士男,890326
996639,宍戸淳,93013
236470,三谷幸喜,130023
17282,三池崇史,845611
128476,三木聡,995387
3661196,Takayuki Okutsu,1011873
236470,三谷幸喜,112903
95501,小津安二郎,18148
895706,今岡信治,1003706
96956,Yin-jung Chen,146126
357,Hany Abu-Assad,782648
8557,費南多.梅瑞爾斯,598
1148927,Jonas Poher Rasmussen,680813
1012319,九把刀,783740
1309565,Kevin Ko,864370
3239003,Yang Chih-lin,793392
2888800,Du Zheng-zhe,839294
129264,Zero Chou,1005555
56379,Chung Mong-Hong,852355
81174,顏正國,943737
2404505,Bang-Yao Liu,931894
3353532,Shen Danguei,918035
2373899,黄天仁,804725
92071,黃強華,925725
2053569,Fiona Roan,878987
2684402,If Chen,1007962
3362045,Chih-Hsiung Liu,917717
2683751,Lin Jinhe,1025086
1588223,Laha Mebow,975812
74026,Hsu Hsiao-Ming,205464
1136125,Fu-wha Jan,876648
2094726,Ching Shen Chuang,957112
126714,陳駿霖,933785
3142687,Harry Shuei,846517
1966246,黃嘉俊,764425
1475472,Yao Hung-I,1006694
2196924,盧盈良,937356
2036987,Ching-lin Chan,899460
2981642,Chih Hsin Hu,796155
1505811,Wi Ding Ho,796155
103649,Yi-an Lou,880156
3441610,Deng Zhong Mou,942953
2883959,CJ Wang,769802
3548890,Lee Yi Fang,975575
1580569,陳大璞,860887
1966252,Chieh-Te Liang,984997
984416,Lin Jing-Jie,1005979
4271605,Hui-Lin Hsu,987422
2000530,Che-Hsien Su,931885
3286349,Yang-Chung Fan,890538
2276604,Kethsvin Chee,740823
1580826,楊力州,946267
4454857,Tu Jung-Feng,939287
131295,Yee Chin-Yen,767246
3289267,賴麗君,891566
3418133,Chen Yen-Kuang,936286
3706994,Juang Chia-shiou,1026182
3677076,Yang Wei-Hsin,1017006
1985836,Jay Chern,927480
1355012,Kuo Chen-ti,810020
1333870,詹凱迪,899387
3129641,Teng-Yuan Chang,829584
3216204,Martin Rustandi,868682
2470685,So-ching Ko,893252
2922825,Lee Chia-hua,960450
31083,David Verbeek,660001
69831,朱天文,816752
3236477,Hui-Ling Chen,874781
56205,Atom Egoyan,302528
1384389,Chienn Hsiang,877246
1387205,Maso Chen,900843
3706994,Juang Chia-shiou,1026182
3655587,Jen-hui Lien,1009987
1006872,Chang Tso-chi,814174
1966272,Lin Hao-shen,1153451
3655548,Jo Nung Lee,1009977
3674697,朱詩鈺,1025309
2632628,Chu Yen-Lan,1050665
4356449,萧菊贞,1200506
92071,黃強華,24614
3549247,Yao Kuo Chen,975681
1580826,楊力州,1032330
3756671,Hsin-Che Cheng,1039769
3634452,Hua Tian-hao,137686
2816828,Amy Ma,798092
1012320,柯震東,741329
1576769,Huang Hsin-Yao,939939
1307164,Teng Yung-Shing,375281
1333863,Ming-Chuan Huang,316569
254937,Ken Harrison,74107
1333863,Ming-Chuan Huang,484574
1333863,Ming-Chuan Huang,278445
1092244,Chang Yi,256133
1158889,Wang Tung,262831
1158889,Wang Tung,356701
1158889,Wang Tung,262828
123199,Ann Hui,660002
96861,關錦鵬,27062
1627287,賈玲,758891
71056,娄烨,497834
2021340,Wei Shujun,712164
56739,Peter Chan,638032
1326036,韓寒,827689
2091938,Qiu Sheng,537867
3369910,Xing Wenxiong,923192
3322564,Gao Ke,903125
2399109,Pawo Choyning Dorji,627087
1962993,Hu Bo,499556
118734,Yang Shupeng,436792
20657,Cristian Mungiu,919570
21684,봉준호,496243
2376041,이상용,955555
1576066,엄태화,729854
548068,황인호,774548
3457652,Kim Soo-jung,993885
583175,정용기,844386
557736,박훈정,1057001
10099,박찬욱,705996
84969,김용화,753091
2212385,Lee Hu-bin,1148154
120643,임순례,606400
17119,김성수,919207
1135240,김성훈,581395
4100888,Lim Jae-kyung,1137172
1720838,박희곤,813079
587672,Min Yong-keun,617882
2097690,Nam Dae-joong,1052433
1632457,Yun Jun-hyung,977155
3001949,An Tae-jin,806128
580244,Lim Dae-wung,1168166
112752,김용균,1168166
2312405,채여준,1168166
2545616,윤은경,1168166
111411,Ahn Sang-hoon,1168166
64883,강제규,581394
3811675,Tim Ewalts,1357982
3715927,Kim Chang-hoon,1028684
2392774,Kim Seong-sik,950253
2132020,Im Jin-soon,717090
86325,류승완,783110
1294510,Lee Seung-jun,941045
3081451,Kim Sun-ung,987540
17120,鄭雨盛,656156
1619433,Seo Eun-young,962489
2774483,홍원기,957154
1072375,김성수,882580
1294643,정지영,714651
2189115,Kim Kyoung-won,848198
2919106,유재선,964592
1717032,Jiuliang Wang,848145
1293710,이해영,715253
1771406,장항준,936243
3137399,Kim Jae-hoon,952476
1883920,박성광,995063
1410322,金周煥,610249
1910480,Lee Won-tae,640327
69081,金智允,901121
1764940,Ma Dae-yun,773910
96657,이창동,41245
3593576,윤제완,979688
3593579,Kang Seung-hun,979688
10099,박찬욱,670
1057492,김조광수,1106528
4076935,Elijah Perry,1146789
83030,이한,978202
2523822,He Shuming,958937
10099,박찬욱,4550
1293686,변성현,573787
1312149,정주리,923344
21684,봉준호,30018
2085263,최신규,636283
2085264,Kim Jin-cheol,636283
3593576,윤제완,1189165
4312690,Kim Sung-min,1189165
10099,박찬욱,4689
2402788,Lee Chang-won,817485
3048836,Kwon Sung-mo,817485
2042738,Park Jun-soo,1106732
63429,곽재용,42190
3422997,Lee Soon-sung,956759
2042738,Park Jun-soo,1076443
571162,Kim Hong-ik,831480
150975,홍상수,1002470
2233732,이종은,682109
557736,박훈정,165213
1285352,양우석,242452
2836746,Chen-Hao Yin,797787
150975,홍상수,1077647
150975,홍상수,928713
1296107,Kim Yeong-tak,62439
2687337,Lee Han-jong,717908
1149649,이환경,158445
1086497,조성희,128246
1210155,Mahalia Belo,973778
19896,Jessica Hausner,938250
2030740,Jesse Ahern,1075010
58401,Joanne Samuel,1075010
1680263,Maryam Touzani,958279
8193,Florian Henckel von Donnersmarck,582
3483989,Adam Gunn,955644
116736,Matthias Temmermans,955644
37538,Matti Geschonneck,910365
1071,Tom Tykwer,104
33040,Nicolette Krebitz,928709
113500,Philipp Stölzl,748787
2303,Wim Wenders,976893
62872,Katja von Garnier,842424
5125,Fatih Akin,912726
74008,Hans Steinbichler,586813
6818,Werner Herzog,9343
1988887,Балжиннямын Амарсайхан,1033176
2146603,Amr Gamal,1061648
2850054,Daniel Lascar,1017063
2466702,Alessandro Antonaci,1017063
2852400,Stefano Mandalà,1017063
65314,Giuseppe Tornatore,396194
28898,Michael Radford,11010
939150,Charlotte Vandermeersch,803700
239672,Felix van Groeningen,803700
25819,Michele Placido,693349
1563462,Donato Carrisi,852758
225880,Paolo Costella,743173
90139,Erik Gandini,1091360
2927206,Gabriele Fabbro,795254
1667540,Roberto Zazzara,794234
236865,Stefano Sardo,794246
119293,Tarik Saleh,788977
111389,Simon Sandquist,1058078
1451375,Johannes Persson,1015936
1619897,Eva Vitija,915939
1170106,Anthony Chen,584242
3645700,Boi Kwong,1029178
1284692,Lorcan Finnegan,782936
2294822,Colm Bairéad,916405
65062,Marie Kreutzer,888321
141388,Dieter Berner,997777
2034461,Hoàng Tuấn Cường,1073449
3677079,Phạm Minh Hữu Tiến,1057919
1593452,Nguyễn Minh Chung,1057919
2452110,Joseph Mangat,1030991
1280765,Nico van den Brink,959558
131668,Nathan Frankowski,296271
592312,Miloslav Šmídmajer,835362
2383553,Tomasz Wiński,993234
3713658,Jin Ong,1027982
2838953,Keat Aun Chong,759524
2838953,Keat Aun Chong,973587
1062447,Dain Said,1015079
1899637,Amanda Nell Eu,1077693
1040793,Maryna Er Gorbach,913760
2338840,Antonio Lukich,1005141
3820182,Mstyslav Chernov,1058616
1543246,Alisa Kovalenko,853084
111481,โสภณ ศักดาพิศิษฏ์,977177
1364891,Samuel Bodin,709631
2326894,Thiti Srinuan,1113119
1862367,Naphat Chitveerapat,976125
3028833,Kanittha Kwanyu,976125
565827,Bhandit Thongdee,1113085
1651297,Phontharis Chotkijsadarsopon,1031388
1572524,Lee Thongkham,842607
1284545,อดิสรณ์ ตรีสิริเกษม,937753
1338664,ชาติชาย เกษนัส,1076011
3891119,กฤษดา วิทยาขจรเดช,1076011
3961076,Bhanbhassa Dhubthien,1076011
962478,Kongdej Jaturanrasmee,952127
1563787,Rasiguet Sookkarn,952127
1272144,วรรณแวว หงษ์วิวัฒน์,977179
1272145,แวววรรณ หงษ์วิวัฒน์,977179
2593321,Hans Lukas Hansen,804868
1280021,Kristoffer Borgli,788734
66719,莊文強,823598
92831,邱禮濤,1093485
1341,甄子丹,990140
1415282,闞家偉,990140
1194706,翁子光,531379
12453,王家衛,18329
1879401,Nick Cheuk,957863
2434741,Hing Fan Wong,741602
81224,吳煒倫,990326
93991,鄭保瑞,591222
118734,Yang Shupeng,436792
96861,關錦鵬,68004
93991,鄭保瑞,969050
3639307,Ho Cheuk-Tin,1005251
21905,彭發,1172012
2726421,Anastasia Tsang,824742
11401,吴宇森,11471
92831,邱禮濤,902533
3459039,Lau Kok-Rui,1029168
20640,陳凱歌,10997
1278466,Lawrence Kan,1099217
1730474,Chan Tze-Woon,924120
96856,Yonfan,616020
1553944,Lam Sum,957861
134851,云翔,1002317
66718,麥兆輝,10775
65994,劉偉強,10775
3713690,賈勝楓,1027944
3639307,Ho Cheuk-Tin,1005259
1376363,Amos Why,898009
1002598,Jason Kwan,999056
134851,云翔,1002318
65994,劉偉強,11647
66718,麥兆輝,11647
96856,Yonfan,27060
65994,劉偉強,14310
66718,麥兆輝,14310
123199,Ann Hui,72445
2972234,Kelvin Shum,1147689
2054461,Mo Lai Yan Chi,1063554
2221769,Sunny Lau,1177518
1571470,Frank Hui,988900
1143699,Daniel Chan Yee-Heng,988900
1789105,Doris Wong Chin Yan,988900
956,Guy Ritchie,882569
2070452,Michael Philippou,1008042
2070453,Danny Philippou,1008042
1904110,Charlotte Wells,965150
46230,大島渚,11948
56370,Ruben Östlund,497828
3122176,Rhys Frake-Waterfield,980078
57917,Toby Genkel,676710
8965,Roland Joffé,11416
166995,Andrew Levitas,560008
15389,Louis Malle,11012
43553,Jerzy Skolimowski,785398
69346,Sigrid Faltin,1104840
8557,費南多.梅瑞爾斯,89455
206161,Celyn Jones,787791
460,Tom Stern,787791
224,David Cronenberg,48231
4786,Richard Attenborough,10435
36693,Richard Eyre,11889
26481,Anand Tucker,46992
16785,Peter Webber,3635
468,Stephen Daldry,71
1674275,Georgia Oakley,971699
58021,Tinto Brass,28468
240,史丹利·庫柏力克,935
2710,詹姆斯·卡麥隆,76600
9033,克里斯多福·麥奎里,575264
1719706,Aaron Horvath,502356
113901,Michael Jelenic,502356
40644,Chad Stahelski,603692
525,克里斯多夫·諾蘭,872585
45400,Greta Gerwig,346698
1551545,Steven Caple Jr.,667538
59521,Jaume Collet-Serra,436270
1113116,Andy Muschietti,298618
40684,大衛·雷奇,718930
2451598,Kemp Powers,569094
1046497,Justin K. Thompson,569094
89596,Joaquim Dos Santos,569094
21198,彼德·松,976573
52935,John Francis Daley,493529
1236679,Jonathan Goldstein,493529
101666,Paul King,787699
1317730,丹尼爾舒奈特,545611
1383612,關家永,545611
10943,Francis Lawrence,695721
20907,安東尼·福奎阿,926393
82194,Neill Blomkamp,980489
1607672,Michael Chaves,968051
17633,Rob Marshall,447277
1288796,Gerard Johnstone,536554
956,Guy Ritchie,739405
129894,Gareth Edwards,670292
1500758,Ángel Manuel Soto,565770
1302082,大衛·桑德柏格,594767
58324,Jean-François Richet,646389
293911,Scott Waugh,299054
11181,肯尼斯·布萊納,945729
2150,Kevin Greutert,951491
2218465,Parker Finn,882598
17178,派翠克·威爾森,614479
1032,馬丁·史柯西斯,466420
2375591,Fawn Veerasunthorn,1022796
15774,Chris Buck,1022796
25645,是枝裕和,1050035
17510,Ol Parker,800939
57199,Mark Mylod,593643
89027,Jared Stern,539681
2103746,Emma Tammi,507089
1059571,Justin Simien,616747
1299642,Julius Avery,758323
12995,Marc Forster,937278
6431,戴倫·艾洛諾夫斯基,785084
589402,Adrian Grünberg,890771
41671,Nimród Antal,762430
72960,Alejandro Monteverde,678512
35453,Pierre Morel,897087
84416,Gene Stupnitsky,884605
136495,Damien Chazelle,615777
76422,Ric Roman Waugh,717930
1485406,J.D. Dillard,653851
1317686,Bryan Woods,700391
1317685,Scott Beck,700391
1129908,Rob Savage,532408
1578590,Jeff Rowe,614930
2518227,Celine Song,666277
78160,盧卡·格達戈尼諾,398818
144816,Chris McKay,649609
525,克里斯多夫·諾蘭,155
76927,Tommy Wirkola,899112
60923,Will Speck,830784
60922,Josh Gordon,830784
2093041,Will Merrick,768362
2093036,Nicholas D. Johnson,768362
17883,David O. Russell,664469
71267,Kirk DeMicco,1040148
11401,吴宇森,891699
931952,Lee Isaac Chung,615643
5655,魏斯·安德森,747188
1758663,Advait Chandan,601635
16847,Eli Roth,1071215
64141,David Gordon Green,616820
78160,盧卡·格達戈尼諾,791177
51864,卡茜·萊蒙斯,696157
52934,尼可拉斯·史托勒,614939
1152054,Josh Greenbaum,912908
1814510,Tom George,766475
11614,M.奈沙馬蘭,631842
638,Michael Mann,365620
168667,Jason Moore,758009
2294,Robert Rodriguez,536437
54472,馬丁·麥克唐納,674324
55934,塔伊加·維迪提,621587
1280021,Kristoffer Borgli,823482
9281,Elizabeth Banks,804150
591600,Damián Szifron,605886
1756398,John McPhail,609768
67570,Hettie Macdonald,844409
928490,Camille Delamarre,876969
1521437,Rebekah McKendry,1015303
488,史蒂芬·史匹柏,804095
1167470,Gary Shore,977013
1145520,Ari Aster,798286
1215038,Adele Lim,864168
2198345,Lori Evans Taylor,917007
22686,Maria Schrader,837881
16863,Todd Haynes,839369
1150548,Florian Zeller,806368
1405645,Laura Terruso,829051
1152,Oliver Stone,1004685
17329,Neil Burger,798362
2421793,Bishal Dutta,1024773
545330,April Mullen,942199
71609,Joachim Trier,75233
1200541,Yuval Adler,1030987
2880,Emilio Estevez,59468
1119247,Guy Nattiv,899524
21701,Mauro Borrelli,1043565
101488,Mark Burman,1074034
107794,Stephen Shimek,989473
220691,Laura Poitras,1004663
1070338,Tyler MacIntyre,1113278
1366450,Michael Morris,823147
2613318,Edward Drake,1035806
39,Sam Mendes,814757
56349,Victor Salva,13689
131946,Danny A. Abeckaser,1156255
2127,溫子仁,176
95101,Charlie Day,553147
2840507,Matthew Goodhue,1040892
1046739,Daniel Raim,927263
583932,Jared Cohn,894169
62768,William Brent Bell,853387
10943,Francis Lawrence,101299
53068,Ryan Fleck,7859
1269,凱文·科斯納,581
9789,羅伯特·奧特曼,5279
12453,王家衛,1989
19311,Stephen Chbosky,84892
23964,Gary Ross,70160
14392,Kathryn Bigelow,1089
1614,李安,68924
40644,Chad Stahelski,245891
3288,克里斯·魏茲,245
3289,Paul Weitz,245
1034086,Phyllis Nagy,579496
1178371,Daniel Ferguson,577721
4782087,Qiu Yu,1306218
1152047,Lotfy Nathan,849242
15254,Emir Kusturica,11902
2182238,Andrey Korenkov,898230
1404563,Aleksey Tsitsilin,898230
1265147,Vasiliy Rovenskiy,923579
2669990,Виктор Глухушин,589759
582504,Georgy Gitis,589759
2669990,Виктор Глухушин,576925
1628967,Maksim Volkov,576925
557984,Kirill Serebrennikov,901358
1491551,Игорь Копылов,818415
8574,Walter Salles,1653
1068350,Jacek Bławut,611854
68813,Céline Sciamma,531428
59,盧·貝松,944401
2419,Jean-Pierre Jeunet,194
23724,Patrice Chéreau,11845
1017274,Audrey Diwan,793998
2352,Jean-Jacques Annaud,811596
64210,Maïwenn,921452
2434376,Anissa Bonnefont,960139
3195061,Sébastien Tulard,975762
69371,Jean-Marc Vallée,85033
4387,François Ozon,659959
54170,Jérôme Commandeur,745608
68813,Céline Sciamma,749004
24891,Clovis Cornillac,785980
17520,Cédric Klapisch,771077
54222,Jean-Paul Salomé,925714
1320870,Thomas Cailley,943134
222686,Mia Hansen-Løve,747779
1142171,Sebastián Lelio,429191
1100038,Sébastien Marnier,786977
18175,Dominik Moll,925102
17460,Rachid Hami,958219
1051327,Alice Winocour,478860
1558103,Quentin Reynaud,944306
41788,Nicolas Philibert,1070449
1625850,Lise Akoka,962543
1625851,Romane Gueret,962543
35959,James Huth,865498
1648265,Alice Diop,925943
2181532,Amandine Fredon,893366
1587696,Benjamin Massoubre,893366
20085,Bruno Chiche,960275
46295,Marie-Castille Mention-Schaar,958179
1574550,Ali Abbasi,889699
17623,Guillaume Nicloux,852432
932524,Nicolas Bedos,892515
2080659,Pierre Földes,678299
45138,Luc Dardenne,914203
56209,Jean-Pierre Dardenne,914203
1810345,Cyril Leuthy,1005409
236889,Rebecca Zlotowski,803694
76910,Christophe Honoré,918044
149880,Serge Bozon,657198
1124422,Davy Chou,952701
53708,Ira Sachs,898673
150390,Emily Atef,843093
17458,Abdellatif Kechiche,152584
96690,Rodrigo Sorogoyen,848685
113610,Thomas Gilou,736500
1312056,Marie Amachoukeli,803688
143389,Nicolas Giraud,881693
5077,華薇莉·泰德奇,848958
1331401,Slony Sow,788030
1171316,Olivier Treiner,892530
3513797,David Ernaux-Briot,964681
2052319,Annie Ernaux,964681
113736,Giordano Gederlini,925459
1702466,Léa Mysius,820697
1806870,Léonor Serraille,926889
16919,Olivier Dahan,740937
3831,Jean-Pierre Melville,15383
3831,Jean-Pierre Melville,40650
3776,Jean-Luc Godard,1629
11983,Alain Resnais,5544
29905,Marguerite Duras,85927
612897,Henri Colpi,131836
1806870,Léonor Serraille,926889
50517,Mathieu Vadepied,967874
1650,François Truffaut,147
2003026,Juraj Lerotić,997659
74661,Víctor García,1008005
2562314,Jacobo Martínez,1026563
1430334,Juan Galiñanes,1053587
1748697,Carla Simón,804251
1221292,Lois Patiño,1077684
1045394,Toni García,768726
1184109,David Pujol,1091044
51896,Mar Targarona,1064801
309,佩卓·阿莫多瓦,963765
19840,Alejandro Amenábar,1933
1679853,Fernando González Gómez,994128
2596472,Raúl Cerezo,994128
1485998,Àlex Lora Cercos,1078920
6521,Alberto Rodríguez,913991
87378,Ayan Mukerji,496331
1752066,Kiranraj K.,634120
1735836,Prasun Chatterjee,872556
7324,Pan Nalin,821494
235432,Kimo Stamboel,1121962
121798,Joko Anwar,925786
1565080,Ginanti Rona Tembang Asri,1018518
1292227,Hlynur Pálmason,960206
119294,Abbas Kiarostami,49964
119294,Abbas Kiarostami,47104
119294,Abbas Kiarostami,83761
1240285,Houman Seyyedi,1005299
1005696,Mani Haghighi,1008043
120229,Jafar Panahi,974521
120229,Jafar Panahi,517731
1600064,سعید روستایی,962558
231866,Emilis Vėlyvis,782044
1661499,Leon Lee,888602
2518693,Jason Loftus,949000
137427,丹尼·維勒納夫,46738
53583,Alison Murray,1128001
1955091,James Mark,986088
224,David Cronenberg,9613
1734045,Orit Fouks Rotem,866611
1898633,井上雄彦,783675
74091,新海誠,916224
608,宮崎駿,508883
1039349,大根仁,1059572
1754133,堂山卓見,1030587
81495,原恵一,942881
109191,今石洋之,553600
1654352,菊地康仁,876792
608,宮崎駿,129
1144885,立川譲,887870
992866,大森貴弘,877840
185,大友克洋,149
1373229,田口智久,916192
2403335,児玉徹郎,610150
1145368,増井壮一,1056803
1999367,中山勝一,283566
77923,鶴巻和哉,283566
56341,前田真宏,283566
77921,庵野秀明,283566
1145368,増井壮一,572154
4900774,Connor Fleming,1388561
608,宮崎駿,10515
1145368,増井壮一,1086591
133251,三木孝浩,977871
127890,西谷弘,956564
77921,庵野秀明,813477
1373229,田口智久,872976
608,宮崎駿,16859
1098264,松山博昭,1064669
1515341,雨宮哲,915403
102033,こだま兼嗣,1056133
1726802,竹内一義,1056133
589915,羽住英一郎,1083862
1250472,カサヰケンイチ,874745
1785807,酒井麻衣,1064662
1558201,松本淳,874743
1087779,Stephen Nomura Schible,473888
131186,中島哲也,31512
1561992,塚原あゆ子,1037348
78866,John H. Lee,1124341
233586,吉原正行,1119211
46230,大島渚,5879
2762873,渡辺一貴,1069813
20310,清水崇,1114205
1247708,石原立也,1108306
1034272,橋本一,698215
78268,廣木隆一,961257
1695439,直谷たかし,978039
934830,平牧大輔,966709
1324085,渡邉こと乃,991190
1462262,松永大司,1027273
2936479,野呂純恵,1081641
1969266,越田知明,1081640
583881,山下敦弘,1029475
144412,鈴木雅之,1029486
237364,川村元気,936490
585208,英勉,698201
135208,田中亮,930432
106549,瀬々敬久,1030205
133251,三木孝浩,961415
1670127,石川慶,869886
47506,Drew Goddard,22970
555254,近藤喜文,37797
592488,熊切和嘉,1029621
1487492,濱口竜介,348869
1204797,片岡翔,958017
999723,水田伸生,1119114
1748363,神徳幸治,853821
1350920,八鍬新之介,1106904
2223841,三宅唱,928730
3082128,Takayuki Kayano,1129646
1494690,早川千絵,958487
69167,伊丹十三,11830
69167,伊丹十三,42095
1477234,松本准平,819163
1515341,雨宮哲,1068607
2649234,宮島善博,1068607
126784,成島出,1062844
25645,是枝裕和,18872
2611395,Yuki Teshima,800151
1355412,中江裕司,1024298
133251,三木孝浩,961410
2237138,金澤知樹,971602
25645,是枝裕和,2517
1160535,入江悠,1029479
1324587,黒川智之,950863
123885,新城毅彦,1029484
1139814,田中光敏,746257
1785807,酒井麻衣,1120459
1061130,荒井晴彦,1115167
133704,福田雄一,1034660
25645,是枝裕和,25050
73121,杉井ギサブロー,37585
579313,内田英治,1017441
2230559,片山慎三,1017441
237465,小泉德宏,961266
999723,水田伸生,961267
2010321,空音央,1156189
3736997,Yusuke Morii,828948
58608,塚本晋也,38405
932980,楠葉宏三,160642
572028,城定秀夫,1064872
236470,三谷幸喜,46361
1498600,Kento Yamaguchi,1035647
78905,伊藤ちひろ,1076535
116787,本木克英,1019661
1776727,草野翔吾,804032
3850107,千原徹也,1067298
236470,三谷幸喜,112903
2688922,高橋正弥,968146
3078780,竹林亮,1040496
127890,西谷弘,42341
608,宮崎駿,4935
46366,金子修介,994741
12453,王家衛,846716
2242054,安川有果,879008
225554,Michael Pavone,57118
236470,三谷幸喜,130023
69167,伊丹十三,81296
127890,西谷弘,204702
1159523,奥原浩志,872667
1735200,綿田慎也,760765
69167,伊丹十三,42011
78268,廣木隆一,1009447
69167,伊丹十三,164207
933484,熊坂出,969441
69167,伊丹十三,110283
1119393,横井健司,1134409
58608,塚本晋也,33431
69167,伊丹十三,41962
608,宮崎駿,128
608,宮崎駿,12429
134812,足立正生,1026301
69167,伊丹十三,83183
69167,伊丹十三,83205
3692006,Masa Mori,1021860
58608,塚本晋也,85032
2261501,Saim Sadiq,962571
1605622,Maha Haj,958291
8557,費南多.梅瑞爾斯,598
4453,Thomas Vinterberg,580175
102890,Malou Reymann,958234
1576757,程偉豪,983883
2373899,黄天仁,804725
1012319,九把刀,1016392
119410,黃精甫,1046090
2552254,Lester Hsi,999087
129264,Zero Chou,1005555
2224432,謝沛如,993092
1375107,Wen-Han Shih,977209
3724575,Jacky Ko,1012267
85337,Wei Te-sheng,1054087
565893,Tien-Lun Yeh,1022862
1934679,Sung Hsin-Yin,1047003
2275274,林君陽,1040284
1333855,曾英庭,1006763
64992,侯孝賢,49982
2684402,If Chen,1007962
2683751,Lin Jinhe,1025086
1266722,Fu Tien-Yu,956288
3601140,Johnny Chiang,991898
127926,蕭雅全,1006012
1588223,Laha Mebow,975812
3898092,Chang Yu-Min,1080494
69841,黃文英,996108
557290,錢人豪,734732
3641331,Chin Chia-hua,1005996
74026,Hsu Hsiao-Ming,205464
1106982,瞿友寧,1022108
1012320,柯震東,741329
4228634,YANG Shou-Yi,1168337
2094726,Ching Shen Chuang,957112
1542793,Hsiao Chu-chen,1021768
565896,藍正龍,1036397
2196924,盧盈良,937356
1475472,Yao Hung-I,1006694
2036987,Ching-lin Chan,899460
3549559,Kanny Chang,975810
2298206,I-Hsuan Su,1006024
1411529,Tong Ka-Fai,1077310
1966252,Chieh-Te Liang,1084783
3951358,Jerome Chan,1096018
131288,Lin Cheng-sheng,1168336
1961109,Tsai Tsung-lung,1029179
3643739,陳子揚,1006683
1354728,Sen-I Yu,1007976
71174,Tsai Ming-liang,662400
3706994,Juang Chia-shiou,1026182
3677076,Yang Wei-Hsin,1017006
2974363,Beryl Hsu,1167792
2632628,Chu Yen-Lan,1050665
2299049,許立達,1088428
1158867,Wan Jen,272122
3129641,Teng-Yuan Chang,829584
3549570,Yoko Chou,975817
1580826,楊力州,1032330
222332,アミノテツロー,1170696
4171891,Jun-Cheng Liu,1121326
4186217,Runcai Luo,1121326
4402982,Ming-Yuan Chiu,1209560
1630178,Lee Hong Chi,1155680
1705284,Kuoan Lai,899464
1006872,Chang Tso-chi,814174
3943862,Yu-Yuan Hong,1093453
3943861,Zong-Hua Hou,1093453
3674698,Michelle Chu,1125053
4025999,伍心瑜,1117283
1580826,楊力州,1153794
4356449,萧菊贞,1200506
4075962,Howard Cheng,1130343
3674697,朱詩鈺,1165736
4040818,Lee Kang-ling,1121017
1912833,Yu-Lin Wang,937101
3549247,Yao Kuo Chen,975681
3756671,Hsin-Che Cheng,1039769
2606257,徐慶珠,1331693
4269119,Vick Wang,1177667
2421086,Jhi-Han Yu,1007944
3674861,Hsiu-Yi Huang,1016255
3652399,Miro Wang Yuk-Kei,1008742
1158861,Lee Hsing,438210
64992,侯孝賢,87953
123199,Ann Hui,660002
1452270,Larry Yang,931102
2962359,Zhang Zhihong,1022830
3695242,Jia-kai Wu,1022830
240150,爾冬陞,1019619
2409117,Li Jun,862855
3074803,Shipei Wen,824738
137141,郭子健,820099
2399109,Pawo Choyning Dorji,627087
1962993,Hu Bo,499556
71056,娄烨,11599
1109366,Emin Alper,682152
56214,Nuri Bilge Ceylan,665733
1745962,Mohamed Kordofani,1111750
1544991,장재현,838209
81251,บรรจง ปิสัญธนะกูล,745881
2879867,허명행,1017163
3140690,오윤동,1317874
4818835,심형준,1314450
4818837,Thomas Ko,1314450
3084810,Kim Sung-han,1147710
3140690,오윤동,1307028
4804724,민근,1307028
1135344,Kim Tae-gon,726139
2230914,김한결,965094
2042738,Park Jun-soo,1315707
4533606,김지선,1229421
4533607,조현정,1229421
583175,정용기,844386
2668778,Han Dong-seok,1169340
17119,김성수,919207
1075354,李宗弼,921436
4100888,Lim Jae-kyung,1137172
119337,최동훈,626412
3140690,오윤동,946615
86325,류승완,995926
1673495,Lee Yo-sup,865910
126775,Cheng Fenfen,41531
4564849,조윤수,1361488
2781342,김세휘,743815
2755355,Nam Dong-hyub,736720
580244,Lim Dae-wung,1168166
112752,김용균,1168166
2312405,채여준,1168166
2545616,윤은경,1168166
111411,Ahn Sang-hoon,1168166
1632457,Yun Jun-hyung,977155
1489282,안국진,1007127
1678527,Hyun Moon-seop,660355
1701953,Park Young-ju,696047
64883,강제규,581394
3140690,오윤동,1375053
4192996,김하민,1375053
3081451,Kim Sun-ung,987540
1296327,김대우,936245
994253,육상효,661681
1294643,정지영,714651
1717032,Jiuliang Wang,848145
1771406,장항준,936243
125426,이언희,1154154
480529,Kim Gok,644714
480530,Kim Sun,644714
1731913,Park Beom-su,717088
3607914,Kim Jang-mi,987538
3607916,Wally Seo,987538
3607919,Lee Gwang-jin,987538
3607923,Choe Won-kyung,987538
3607922,Jeon Byeong-deok,987538
3607917,G’sam,987538
3118286,Park Dong-hee,838206
1049134,김한민,660360
3240769,Kim Deok-min,876127
3140690,오윤동,1338226
3137399,Kim Jae-hoon,1063814
1766964,Choi Byeong-gil,1300157
96631,許秦豪,973628
1762319,Kim Bong-han,799710
3276452,Yang Kyeong-hui,1234114
3593576,윤제완,1189165
4312690,Kim Sung-min,1189165
566365,추창민,783111
4818790,Lee Se-won,1314446
1293617,이원석,746349
557415,Lee Woo-chul,1005533
78866,John H. Lee,15859
1852026,Han Ji-won,1117291
2686610,Choi Yun-ho,717712
123802,Kang Dae-gyu,40167
2818891,Sam H. Freeman,976581
3004520,Ng Choon Ping,976581
59265,Adam Cooper,978592
19896,Jessica Hausner,938250
2303,Wim Wenders,976893
8193,Florian Henckel von Donnersmarck,582
1584382,İlker Çatak,998022
21737,Marc Rothemund,888768
2332,Christian Petzold,900379
1628010,Adrian Goiginger,936117
210550,Kilian Riedhof,982202
1488942,Mette Tange,1061855
22496,Benjamin Quabeck,1061855
1071,Tom Tykwer,104
1775995,Zhang Jialing,951051
1303917,Faraz Shariat,623184
39298,Margarethe von Trotta,978580
2112566,Lila Avilés,958186
46085,Luis Mandoki,772450
793,Luis Buñuel,29264
2686827,Lkhagvadulam Purev-Ochir,730256
2252779,Zoljargal Purevdash,986855
2850054,Daniel Lascar,1017063
2466702,Alessandro Antonaci,1017063
2852400,Stefano Mandalà,1017063
931211,艾莉絲·羅爾瓦雀,837335
939150,Charlotte Vandermeersch,803700
239672,Felix van Groeningen,803700
225160,Paolo Genovese,700819
63973,馬提歐·加洛尼,937746
133214,寶拉·寇提莉絲,1026227
105866,Marco Bellocchio,801112
128745,Giorgio Diritti,1023962
3120334,Davide Minnella,838876
1130801,Gabriele Mainetti,571468
555526,Laura Luchetti,1043997
2813236,Oskar Mellander,1070535
1451375,Johannes Persson,1015936
20789,Claude Sautet,3423
2199869,Lim Suat Yen,1280832
225055,Jack Neo,1287250
1284692,Lorcan Finnegan,782936
2294822,Colm Bairéad,916405
4746,Robert Lorenz,1027073
580824,Rainer Sarnet,1050904
1822767,Juliane Niemann,1078810
1134670,Daniel Hoesl,1078810
2053029,Nguyễn Hữu Hoàng,1309123
2428652,Trần Hữu Tấn,1202618
1594385,Trấn Thành,1210973
4447177,Lưu Thành Luân,1222274
1038736,Alvin B. Yapan,1327383
1481876,Felipe Gálvez,989589
1299703,Suzanne Raes,1090031
3713658,Jin Ong,1027982
2838953,Keat Aun Chong,973587
3820182,Mstyslav Chernov,1058616
146515,Taweewat Wantha,1134433
2730142,พัฒน์ บุญนิธิพัฒน์,1103621
146515,Taweewat Wantha,1247019
80733,ก้องเกียรติ โขมศิริ,1244361
226514,Thanadol Nuansut,1167366
2178483,Mate Yimsomboon,1241429
2326894,Thiti Srinuan,1113119
2770699,Weerachit Thongjila,810406
2451192,Noppharnach Chaiwimol,810406
3028833,Kanittha Kwanyu,810406
4280975,Walongkorn Jubjai,1181045
3970671,Artistaya Arriyawongsa,1102510
3970672,Theerakhaha Arriyawongsa,1102510
2721534,Sorawit Meungkeaw,1226170
3644234,Aussada Likitboonma,1226170
1188818,Nontawat Numbenchapol,1226170
3298119,Aroonakorn Pick,1226170
1267628,Nitivat Cholvanichsiri,1288175
4639382,Krittanut Watcharanuntagul,1322616
3473917,Nob Sathanapong Limwongthong,1100705
259989,孔克里·特里維蒙,1257388
2650341,Panu Aree,1143959
3943045,Atta Hemwadee,1093215
3317265,พิชย จรัสบุญประชา,1290213
990964,Jetniphat Sasing,1113142
2214726,Waasuthep Ketpetch,1052160
2856873,納盧拜·庫諾,1290206
1338664,ชาติชาย เกษนัส,1076011
3891119,กฤษดา วิทยาขจรเดช,1076011
3961076,Bhanbhassa Dhubthien,1076011
81252,ภาคภูมิ วงศ์ภูมิ,17111
81251,บรรจง ปิสัญธนะกูล,17111
1146452,เอกชัย ศรีวิชัย,1224589
69759,Apichatpong Weerasethakul,511819
2388399,Tanawat Aiemjinda,1072493
582595,นฤบดี เวชกรรม,1072582
1272144,วรรณแวว หงษ์วิวัฒน์,977179
1272145,แวววรรณ หงษ์วิวัฒน์,977179
1026325,จตุรงค์ พลบูรณ์,1113071
3743348,Silje Evensmo Jacobsen,1208994
67316,落合正幸,68477
93991,鄭保瑞,923667
66719,莊文強,823598
1002598,Jason Kwan,999056
1356771,Anselm Chan,1226141
138500,Albert Mak Kai-Kwong,991197
1341,甄子丹,1128650
92831,邱禮濤,989909
3438314,祝紫嫣,942074
1879401,Nick Cheuk,957863
3839629,Nate Tse Ka-ki,1063863
1174080,Ho Miu-Kei,1136690
1400678,藤井秀剛,1050491
81224,吳煒倫,990326
2067023,Sunny Chan Wing-Sun,851800
1417213,Lee Po-Cheung,993156
2774516,Herbert Leung,1095805
2774515,Albert Leung,1095805
1277754,Kiwi Chow,674813
21905,彭發,1172012
2081251,Jun Li,740467
3689144,Tong Wai-Hon,1020784
81220,林超賢,1020784
2067023,Sunny Chan Wing-Sun,1187970
1985636,黃綺琳,998137
146083,葉念琛,1184505
1553944,Lam Sum,957861
123199,Ann Hui,1098275
109606,Ray Yeung,1157680
2972234,Kelvin Shum,991193
123199,Ann Hui,72445
1194706,翁子光,1178574
2560733,"Mike, Ao Ieong Weng Fong",1117166
1376363,Amos Why,1100901
2221769,Sunny Lau,1177518
1150548,Florian Zeller,600354
1904110,Charlotte Wells,965150
66728,Jonathan Glazer,467244
1428907,Hayley Easton Street,804616
2303,Wim Wenders,655
58421,Christopher Jenkins,567811
2933907,Tim Harper,785429
1226684,James Napier Robertson,714675
16938,Renny Harlin,1010600
3122176,Rhys Frake-Waterfield,1079485
2636,Alfred Hitchcock,571
93922,Jeff Celentano,1215918
15488,Ken Loach,970348
69346,Sigrid Faltin,1104840
2392557,Paris Zarcilla,879689
1674275,Georgia Oakley,971699
2026329,Toby L,1274237
7017,Roger Michell,896639
1736559,Charlotte Regan,935906
1673449,Louisa Warren,1130053
1556959,Sam Wrench,1375774
58021,Tinto Brass,28468
1504740,Molly Manning Walker,1075175
37630,Shekhar Kapur,800301
2303,Wim Wenders,76406
83281,Lenny Abrahamson,171372
9033,克里斯多福·麥奎里,575264
57130,Todd Phillips,475557
17825,肖恩·利維,533535
137427,丹尼·維勒納夫,693134
525,克里斯多夫·諾蘭,872585
45400,Greta Gerwig,346698
137427,丹尼·維勒納夫,438631
940376,Kelly Marcel,912649
2451598,Kemp Powers,569094
1046497,Justin K. Thompson,569094
89596,Joaquim Dos Santos,569094
932248,費德·阿瓦雷茲,945961
4524084,David G. Derrick Jr.,1241982
1461394,Jason Hand,1241982
1513971,Dana Ledoux Miller,1241982
101666,Paul King,787699
21198,彼德·松,976573
1179066,Wes Ball,653346
931952,Lee Isaac Chung,718821
1399841,阿迪爾·艾爾·阿比,573435
1399842,畢拉爾·法拉,573435
10943,Francis Lawrence,695721
20907,安東尼·福奎阿,926393
19769,David Ayer,866398
82194,Neill Blomkamp,980489
1607672,Michael Chaves,968051
20629,喬治·米勒,786892
2580328,Michael Sarnoski,762441
66193,克里斯·桑德斯,1184918
54507,Jon M. Chu,402431
122423,Yorgos Lanthimos,792307
2375591,Fawn Veerasunthorn,1022796
15774,Chris Buck,1022796
51851,Jake Kasdan,845781
92784,Barry Jenkins,762509
525,克里斯多夫·諾蘭,157336
64151,Mike Mitchell,1011985
57028,黄嘉智,1167271
40684,大衛·雷奇,746036
84496,Josh Cooley,698687
129894,Gareth Edwards,670292
11181,肯尼斯·布萊納,945729
2150,Kevin Greutert,951491
1607016,柯洛里·法吉特,933260
2036,Alex Garland,929590
223551,S.J. Clarkson,634492
1092607,Benjamin Renner,940551
1032,馬丁·史柯西斯,466420
61411,馬克·汀戴爾,748783
556172,J.C. Chandor,539972
11614,M.奈沙馬蘭,1032823
510,提姆·波頓,917496
2103746,Emma Tammi,507089
90609,Osgood Perkins,1226578
125324,William Eubank,969492
17697,約翰·卡拉辛斯基,639720
72960,Alejandro Monteverde,678512
57193,Gil Kenan,967847
35453,Pierre Morel,897087
956,Guy Ritchie,799583
1578590,Jeff Rowe,614930
638,Michael Mann,365620
144798,Simon Cellan Jones,618588
63306,James Watkins,1114513
309,佩卓·阿莫多瓦,1088514
1706480,Arkasha Stevenson,437342
82511,Will Gluck,1072790
856440,Michael Mohan,1041613
55075,Jeff Wadlow,1125311
11401,吴宇森,891699
2036105,Stefon Bristol,720321
16847,Eli Roth,365177
228134,魯伯特·桑德司,957452
5655,魏斯·安德森,747188
1039527,Tyler Gillett,1111873
66681,Matt Bettinelli-Olpin,1111873
2957803,Ishana Night Shyamalan,1086747
16847,Eli Roth,1071215
88967,Greg Berlanti,956842
933176,Damien Leone,1034541
1317685,Scott Beck,1138194
1317686,Bryan Woods,1138194
16137,神山健治,839033
88675,Justin Baldoni,1079091
564,Richard Linklater,974635
1231927,Colm McCarthy,978796
78160,盧卡·格達戈尼諾,937287
37153,柔伊·克拉維茲,840705
55934,塔伊加·維迪提,621587
1280021,Kristoffer Borgli,823482
16938,Renny Harlin,927107
20192,Brian Taylor,1087822
2009739,Domee Shi,508947
67570,Hettie Macdonald,844409
59291,Alexandre Aja,814889
56373,Jean-Stéphane Sauvaire,628922
118415,Sean Baker,1064213
76788,戴夫·帕特爾,560016
13235,Alexander Payne,840430
1275319,Moritz Mohr,882059
2263272,SK Dale,1064028
1215038,Adele Lim,864168
2232,米高·基頓,972614
41355,Dimitri Logothetis,5492
56710,Oliver Parker,944194
1361546,Kiah Roache-Turner,1087388
93151,Joshua John Miller,646683
1152,Oliver Stone,1004685
1415665,Reinaldo Marcus Green,802219
27226,Patrick Lussier,1081012
1191094,Potsy Ponciroli,974250
1119247,Guy Nattiv,899524
564,Richard Linklater,76
2880,Emilio Estevez,59468
564,Richard Linklater,80
72960,Alejandro Monteverde,975056
71872,傑夫·尼可斯,1008409
1769,Sofia Coppola,1020006
1940991,Jade Halley Bartlett,1026436
1486487,Peter Browngardt,870360
129952,Sean McNamara,245842
4204184,Chris Radtke,1162322
4204183,Stephen Gray,1162322
933176,Damien Leone,663712
2540727,Amanda Kim,916738
1689814,Mike Cheslik,1019939
1248157,Karen O'Connor,1075815
1751860,Miri Navasky,1075815
1751861,Maeve O'Boyle,1075815
131946,Danny A. Abeckaser,1156255
585933,François Simard,1165466
585934,Anouk Whissell,1165466
1397786,Yoann-Karl Whissell,1165466
109016,Cary Solomon,913673
109017,Chuck Konzelman,913673
933176,Damien Leone,420634
9158,Sharon Maguire,634
19311,Stephen Chbosky,84892
1498538,Emma Westenberg,1000780
1223,Joel Coen,86829
1224,Ethan Coen,86829
15812,Roger Allers,283161
1178371,Daniel Ferguson,577721
223,Alejandro González Iñárritu,470
78160,盧卡·格達戈尼諾,398818
1769,Sofia Coppola,1443
3879718,Benjamin Brewer,1051896
1636905,Julio Quintana,1079810
4782087,Qiu Yu,1306218
4683398,Diep Sela,1246014
2664359,Leak Lyda,1246014
3199051,Sokyou Chea,1219522
4436675,Inrasothythep Neth,1219522
46199,Stephan Komandarev,1137196
107720,Дмитрий Киселёв,864101
1265147,Vasiliy Rovenskiy,1112357
1079374,Damien Ounouri,958161
1410261,Adila Bendimerad,958161
1923093,Carlos Goitia,1211728
2409498,Guillermo Lockhart,1211728
1129914,Andrés Borghi,1211728
1566167,Maximilian Niemann,1211728
1314916,Jerónimo Rocha,1211728
1128799,David Ferino,1211728
3702907,Arie Socorro,1211728
2430413,Ryan Graff,1211728
1466181,Hugh Welchman,734002
1003237,DK Welchman,734002
1068350,Jacek Bławut,611854
1107609,Maria Sadowska,1048516
1192152,Tomasz Mandes,1017066
20789,Claude Sautet,12652
793,Luis Buñuel,4593
20789,Claude Sautet,42454
20789,Claude Sautet,3427
793,Luis Buñuel,5558
793,Luis Buñuel,649
793,Luis Buñuel,5781
95528,帕布羅·貝嘉,838240
59,盧·貝松,944401
1175620,Justine Triet,915935
68813,Céline Sciamma,531428
107730,Trần Anh Hùng,964960
1392433,Julia Ducournau,630240
1017274,Audrey Diwan,793998
64210,Maïwenn,921452
1320870,Thomas Cailley,943134
53708,Ira Sachs,898673
1145355,Anna Novion,960033
146438,Bertrand Bonello,914206
65569,Emmanuel Mouret,661935
41788,Nicolas Philibert,1070449
1605612,Stéphanie Di Giusto,995746
2664731,Suzanne Lindon,712134
2181532,Amandine Fredon,893366
1587696,Benjamin Massoubre,893366
3556,Roman Polanski,824016
145117,Jean-Pierre Améris,995408
46295,Marie-Castille Mention-Schaar,958179
935042,Elise Girard,1004555
96690,Rodrigo Sorogoyen,848685
201,Michel Gondry,888003
84425,Éric Toledano,965791
84426,Olivier Nakache,965791
1364491,Maxime Govare,1216452
4424686,Romain Choay,1216452
231431,Thomas Lilti,934506
96627,André Téchiné,961082
1650,François Truffaut,1628
1622992,Erwan Le Duc,989238
1171316,Olivier Treiner,892530
133398,Quentin Dupieux,1045770
42741,Dominique Abel,995808
144791,Fiona Gordon,995808
3556,Roman Polanski,423
2894609,André Kadi,970867
2894608,Marya Zarif,970867
793,Luis Buñuel,626
69371,Jean-Marc Vallée,85033
1044850,Pierre-Luc Granjon,676727
32535,Jim Capobianco,676727
16862,Claude Lelouch,37335
16862,Claude Lelouch,42726
1650,François Truffaut,147
1142171,Sebastián Lelio,429191
1428801,Patricia Font,1024541
1300690,Laura Alvea,1235926
37833,Víctor Erice,997294
88084,Luis Prieto,1276210
1294751,Estibaliz Urresola Solaguren,1053600
1384823,Celia Rico Clavellino,1088851
51896,Mar Targarona,1064801
309,佩卓·阿莫多瓦,963765
19840,Alejandro Amenábar,1933
2119237,Nikhil Nagesh Bhat,1160018
1467320,Payal Kapadia,927547
235432,Kimo Stamboel,1121962
121798,Joko Anwar,925786
235432,Kimo Stamboel,1176166
146014,Rizal Mantovani,1128936
1322339,Anggy Umbara,1148817
3613598,Inarah Syarafina,1264429
1302682,Angga Dwimas Sasongko,1126128
1155290,Gina S. Noer,987419
1901974,Maryam Moghaddam,1234591
1901973,Behtash Sanaeeha,1234591
1005696,Mani Haghighi,1008043
143593,Xavier Dolan,519141
137427,丹尼·維勒納夫,46738
1453110,Ariane Louis-Seize,988402
19774,Mary Nighy,850028
143595,Monia Chokri,912520
1575183,Pascal Plante,912480
82423,Veerle Baetens,923387
439442,Fien Troch,989496
1728172,Raphaël Balboni,989232
1728174,Ann Sirot,989232
1898633,井上雄彦,783675
1325228,満仲勧,1012201
608,宮崎駿,508883
1845819,佐々木忍,1221404
1456621,押山清高,1244492
1297518,今井一暁,1148677
1754133,堂山卓見,1030587
608,宮崎駿,128
608,宮崎駿,4935
109191,今石洋之,553600
1552712,Gou Koga,904759
608,宮崎駿,129
1144885,立川譲,887870
608,宮崎駿,8392
1145368,増井壮一,1086591
1487492,濱口竜介,758866
608,宮崎駿,10515
1350920,八鍬新之介,1106904
3462075,Hazumu Sakuta,1148588
1561992,塚原あゆ子,1276108
583881,山下敦弘,1070507
2887522,山本健,1223178
1627340,中重俊祐,1357633
2574299,斎藤圭一郎,1129610
78173,森田宏幸,15370
2564771,Hikaru Yamaguchi,632632
608,宮崎駿,16859
1098264,松山博昭,1064669
1487492,濱口竜介,795811
55785,岩井俊二,47002
74091,新海誠,38142
1498599,山田智和,1120846
2010321,空音央,1156189
1627346,Masahiro Shinohara,1216623
1880399,Kazuhito Nakae,824362
233586,吉原正行,1119211
234646,佐藤嗣麻子,1201210
2762873,渡辺一貴,1069813
1406559,石川淳一,1188456
1487492,濱口竜介,1156125
74091,新海誠,198375
579313,内田英治,1044555
130646,土井裕泰,695932
582611,板津匡覧,1117609
17282,三池崇史,1137142
236470,三谷幸喜,1276849
20310,清水崇,1130899
2121864,奥山大史,1267822
2382146,本間修,1211650
1310153,李虹,264718
93107,湯浅政明,21712
1735355,萩原健太郎,1268198
74091,新海誠,12924
1301811,瀬田なつき,1163269
1117043,飯塚健,1231785
65986,姜大衛,261124
999723,水田伸生,1119114
4416708,Shiori Itō,1214499
47506,Drew Goddard,22970
1487492,濱口竜介,348869
135208,田中亮,1025301
1045564,田崎竜太,1122715
2223841,三宅唱,1086011
1748363,神徳幸治,853821
74091,新海誠,79707
133691,深川栄洋,1101181
105400,中江功,1019421
2230559,片山慎三,1283793
74091,新海誠,37910
1505545,三木康一郎,1273597
80107,塩田明彦,1188019
1406559,石川淳一,1302106
1406394,中川龍太郎,1152908
509442,石井裕也,1140221
94050,荻上直子,1062910
73121,杉井ギサブロー,37585
1785807,酒井麻衣,1120459
25645,是枝裕和,2517
225738,Yoshimitsu Morita,68606
583881,山下敦弘,1229076
1061130,荒井晴彦,1115167
2608194,Youichi Narita,1153325
26882,黒沢清,1244244
1644823,上村奈帆,1293338
90502,谷口悟朗,1103432
3097336,藤田直哉,1212497
1573201,Ema Ryan Yamazaki,1186850
72496,山田洋次,1101734
1973739,Tetsuya Tomina,1094482
1498597,Hiroto Hara,1276633
554487,辻裕之,1254532
509442,石井裕也,1145026
608,宮崎駿,81
127891,福山雅治,1210309
6159,朗·霍華,921
1305933,蔦哲一朗,1167863
88784,本広克行,726657
1053307,森達也,1155235
126784,成島出,1015464
1421871,関根光才,1255316
70103,曽利文彦,1276242
124640,白石晃士,1265800
2441846,Yuho Ishibashi,1072742
1080183,松居大悟,1240834
127896,品川祐,1171612
608,宮崎駿,11621
78268,廣木隆一,1002535
1553591,林祐一郎,1333100
2290150,Naoko Nobutomo,969784
1481756,龍輪直征,1211716
583881,山下敦弘,1250407
236470,三谷幸喜,130023
83642,降旗康男,68837
1072778,山田尚子,482150
1289548,白石和彌,890526
1148984,東海林毅,1078280
1927823,山中瑶子,1275240
1477234,松本准平,478376
119493,青山真治,202885
225738,Yoshimitsu Morita,110852
225738,Yoshimitsu Morita,118785
225738,Yoshimitsu Morita,117129
150122,홍지영,54201
3026,羅伯·萊納,253235
225738,Yoshimitsu Morita,501657
2868035,Leo Liu,1278652
1130942,越川道夫,1126361
2422854,Hiroki Inoue,1009087
1130942,越川道夫,1074174
1130942,越川道夫,1032767
2422854,Hiroki Inoue,1009082
2261501,Saim Sadiq,962571
1148927,Jonas Poher Rasmussen,680813
74752,Nikolaj Arcel,980026
1678577,Kristoffer Hegnsvad,1031050
1183636,Fenar Ahmad,1085218
77530,Hella Joof,1079202
114540,Martin Zandvliet,1108450
1360022,藤井道人,1188258
1485160,John Hsu,1006724
85337,Wei Te-sheng,1054087
119410,黃精甫,1046090
2552254,Lester Hsi,999087
2360732,Wang Ding-Lin,1166073
2441491,Lai Meng-Chieh,1261250
1934679,Sung Hsin-Yin,1047003
2652899,Hsieh Chih Wen,926188
2411583,Po-Hao Hung,1027588
581943,楊雅喆,1029244
1266722,Fu Tien-Yu,956288
127926,蕭雅全,1006012
1588223,Laha Mebow,975812
69841,黃文英,996108
3641331,Chin Chia-hua,1005996
557290,錢人豪,1102857
4228634,YANG Shou-Yi,1168337
4240243,DH Tseng,1270769
2542760,Sean Hao-Hsiang Hu,1283068
4700752,Tsai Min-Hua,1283068
1954075,曲全立,1377013
2299025,練建宏,1007980
1106982,瞿友寧,1022108
1333856,廖明毅,1078374
1985636,黃綺琳,996871
2836746,Chen-Hao Yin,996871
3614587,Liu Chuan-hui,996871
17460,Rachid Hami,996871
2559079,Joseph Chen-Chieh Hsu,996871
2399109,Pawo Choyning Dorji,996871
2838953,Keat Aun Chong,996871
3683235,Remii Huang,996871
65261,李心潔,996871
56379,Chung Mong-Hong,1162931
932689,Tom Lin,1084740
2039034,Teng I-Han,1214266
2882166,Bruce Chiu,1015623
1149204,Jasmine Ching-Hui Lee,937855
1844023,Yen Lan-Chuan,1088709
1850683,Huang Xi,1006732
103649,Yi-an Lou,880156
64992,侯孝賢,11553
3652399,Miro Wang Yuk-Kei,1008742
3655587,Jen-hui Lien,1236428
1128533,Huang Ming Cheng,1236428
2836884,Wislley Wang,1248407
2298206,I-Hsuan Su,1006024
3910970,Tzu-Hui Peng,1083971
1523217,Ping-Wen Wang,1083971
4269119,Vick Wang,1177667
2064257,林明謙,1395259
3475655,符昌鋒,1297616
131288,Lin Cheng-sheng,1168336
1578124,Boon-lip Quah,1019828
3927005,游翰庭,1235022
71174,Tsai Ming-liang,662400
1354728,Sen-I Yu,1007976
4465111,Julian Yuchiao Lee,1226599
4577760,羅苡珊,1255586
2299049,許立達,1088428
2632628,Chu Yen-Lan,1050665
4793414,Liu Chen-En,1308707
1497813,Li Ding,1085574
2421086,Jhi-Han Yu,1007944
4171891,Jun-Cheng Liu,1121326
4186217,Runcai Luo,1121326
1006872,Chang Tso-chi,1239035
1145390,Chen Hung-i,1022489
1081062,Chen Hwai-En,1341782
2606257,徐慶珠,1331693
1630178,Lee Hong Chi,1155680
1333995,Huang Yu-Shan,1311577
4203491,Chen Yao-Hsing,1311577
2090986,Yeo Siew Hua,948184
1083227,Shen Ko-Shang,1305515
4511967,Ming-Chih Lin,1239038
586423,Ming-Hsia Wang,1233209
118772,Abderrahmane Sissako,662402
143035,楊德昌,25538
1017332,Umin Boya,256930
2399774,賀照緹,1006739
143035,楊德昌,78450
4150980,LIN Yu-wei,1149096
4451878,Li-Kui Wang,1223386
5116573,吳平海,1401562
1544817,姚志衞,1006664
4889323,張逸方,1330874
2148238,Fan WU,1265692
64992,侯孝賢,49982
1158861,Lee Hsing,438210
3431876,Nelicia Low,940247
64992,侯孝賢,87953
1624654,S. Leo Chiang,1203439
1576754,Kek-huat Lau,1247973
31033,Oxide Pang Chun,949709
1615891,馬浴柯,950019
71056,娄烨,878607
92831,邱禮濤,783121
96861,關錦鵬,27062
1130924,Huang Ji,957996
1093930,Ryuji Otsuka,957996
3992160,Rui Cui,1108211
3070248,Xiang Liu,1108211
1698170,Mo Zhang,1155257
3964369,Feihuan Hao,1181642
1093930,Ryuji Otsuka,438030
1130924,Huang Ji,438030
2399109,Pawo Choyning Dorji,1109237
115309,Khyentse Norbu,1287986
56214,Nuri Bilge Ceylan,665733
3650167,Selcen Ergun,1008393
