,Year,MovieId,Name,tmdb_id,tmdb_title
0,2022,21945,緊急迫降,626872,緊急迫降
1,2022,22241,機密同盟2,736820,機密同盟2
2,2022,23147,音爆浩劫,774548,音爆浩劫
3,2022,22479,樂透大作戰,821153,樂透大作戰
4,2022,21736,魔女二部曲：另一個她,615173,魔女二部曲：另一個她
5,2022,21615,嬰兒轉運站,736732,嬰兒轉運站
6,2022,21222,犯罪都市2,619803,犯罪都市2
7,2022,21858,外星+人,601796,外星+人
8,2022,22473,行動代號：狼狩獵,799379,行動代號：狼狩獵
9,2022,22113,獵首密令,727340,獵首密令
10,2022,22239,語意錯誤電影版,993885,語意錯誤電影版
11,2022,21763,分手的決心,705996,分手的決心
12,2022,20398,極速快遞,606403,極速快遞
13,2022,22925,局中局,634595,局中局
14,2022,20981,SEVENTEEN POWER OF LOVE : THE MOVIE,946615,SEVENTEEN POWER OF LOVE : THE MOVIE
15,2022,23015,厄憶追凶,633374,厄憶追凶
16,2022,18813,金派特務,629028,金派特務
18,2022,22004,韓山島海戰,588108,韓山島海戰
19,2022,23248,晝盲神探,806128,晝盲神探
20,2022,23206,NCT DREAM THE MOVIE : In A DREAM,1038198,NCT DREAM THE MOVIE : In A DREAM
21,2022,23216,整形帝王,717090,整形帝王
22,2022,21779,邪門,877260,邪門
23,2022,21823,非常殺手,938008,非常殺手
24,2022,20110,獵魂者,602295,獵魂者
25,2022,9051,燃燒烈愛,491584,燃燒烈愛
26,2022,20335,緣來大飯店,821661,緣來大飯店
27,2022,23214,失控正義,882580,失控正義
28,2022,23362,共感頻率,962489,共感頻率
29,2022,20402,無間對決,610321,無間對決
30,2022,22653,人生真美麗,616670,人生真美麗
31,2022,22221,界限,718289,界限
32,2022,21160,空氣殺人,731684,空氣殺人
33,2022,22628,政客誠實中2,795276,政客誠實中2
35,2022,20749,奇怪的數學家,628802,奇怪的數學家
36,2022,20942,超跑斯特拉,630217,超跑斯特拉
37,2022,21164,死亡預報,626129,死亡預報
39,2022,23199,王者製造,573787,王者製造
40,2022,23364,花路阿朱媽,958937,花路阿朱媽
42,2022,20778,為人民服務,743814,為人民服務
43,2022,22818,笑子當老大,817557,笑子當老大
44,2022,20661,茲山魚譜,581390,茲山魚譜
45,2022,20473,亡命陷阱,840528,亡命陷阱
46,2022,18817,引言,795797,引言
47,2022,20994,春川神秘中邪事件,817480,春川神秘中邪事件
48,2022,18794,無人之境,589713,無人之境
49,2022,20555,在你面前,820517,在你面前
50,2022,23146,小說家電影,928713,小說家電影
51,2022,20801,阿爸休假中,743475,阿爸休假中
53,2022,23154,閨蜜大狂殺,934207,閨蜜大狂殺
54,2022,19991,花果飄零,889507,花果飄零
58,2022,22111,聽見心嘻望,575764,聽見心嘻望
59,2022,18924,瑪雅蜜蜂大冒險：守護小金蛋,681260,瑪雅蜜蜂大冒險：守護小金蛋
61,2022,21031,詭棋,934957,詭棋
62,2022,22172,米婭的精靈王國,955644,米婭的精靈王國
64,2022,21857,非戀人絮語,567927,非戀人絮語
65,2022,21664,永別了，柏林,620498,永別了，柏林
67,2022,20534,我是你的完美男友,795813,我是你的完美男友
69,2022,20223,鄰危不亂,681349,鄰危不亂
70,2022,22515,趴兔青春期,871530,趴兔青春期
71,2022,20134,指考風暴,852457,指考風暴
72,2022,21746,泳漾水男孩,739323,泳漾水男孩
73,2022,21236,熟女解放中,607442,熟女解放中
75,2022,18291,型男斷捨離,546630,型男斷捨離
76,2022,19920,人性遊戲,776542,人性遊戲
77,2022,23290,蘿拉快跑,104,蘿拉快跑
81,2022,20313,非甜蜜生活,608980,非甜蜜生活
82,2022,20872,真愛超能力,612491,真愛超能力
83,2022,21789,洞,47060,洞
84,2022,21263,愛在書店相遇時,654344,愛在書店相遇時
85,2022,21352,隔離巢,752616,隔離巢
87,2022,22877,星夢性快感,592695,星夢性快感
88,2022,21045,阿哈：帶我走,655738,阿哈：帶我走
89,2022,22739,瑞士鐘錶師,749136,瑞士鐘錶師
90,2022,22523,女孩與蜘蛛,517815,女孩與蜘蛛
92,2022,20556,愛你讓我自由,835975,愛你讓我自由
95,2022,20460,鬼電梯,760522,鬼電梯
96,2022,20975,越驚,930478,越驚
97,2022,20929,祖怨,947890,祖怨
98,2022,22309,迷霧中的孩子,893030,迷霧中的孩子
99,2022,19408,逃出奧斯威辛,717694,逃出奧斯威辛
102,2022,19627,勇鼠闖天堂,588890,勇鼠闖天堂
103,2022,21740,浪浪回家路,725133,浪浪回家路
104,2022,21626,野蠻人入侵,796151,野蠻人入侵
105,2022,18629,亞馬遜守護者：安珀傳奇,588921,亞馬遜守護者：安珀傳奇
106,2022,21223,格列佛遊記：重返小人國,763539,格列佛遊記：重返小人國
107,2022,22198,沒有煙硝的日子,913760,沒有煙硝的日子
108,2022,20265,2gether電影版：只因我們天生一對,810406,2gether電影版：只因我們天生一對
109,2022,21115,猛鬼大學：第2學期,939879,猛鬼大學：第2學期
110,2022,21436,鬼單眼,947514,鬼單眼
112,2022,23289,魔蟲禁區,949697,魔蟲禁區
113,2022,21210,淒厲人僧：卡到陰,937743,淒厲人僧：卡到陰
114,2022,23085,愛情需要編劇,922378,愛情需要編劇
116,2022,20314,記憶,511819,記憶
117,2022,20413,波米叔叔的前世今生,38368,波米叔叔的前世今生
118,2022,22110,超級蜥蜴王,947049,超級蜥蜴王
121,2022,22265,詭孩,660942,詭孩
122,2022,19764,忍者寶寶,654074,忍者寶寶
123,2022,20672,秋月,831031,秋月
124,2022,19859,梅艷芳,848788,梅艷芳
125,2022,19159,怒火,513692,怒火
126,2022,20822,神探大戰,543504,神探大戰
127,2022,16476,麥路人,640092,麥路人
129,2022,7331,春光乍洩,18329,春光乍洩
132,2022,9993,阿飛正傳,18311,阿飛正傳
133,2022,20763,胭脂扣,68883,胭脂扣
134,2022,22420,飯戲攻心,851800,飯戲攻心
135,2022,22876,智齒,591222,智齒
136,2022,20565,少年,436792,少年
137,2022,20343,G風暴,814785,G風暴
138,2022,20702,阮玲玉,68004,阮玲玉
139,2022,20741,英雄本色,11471,英雄本色
140,2022,21747,闔家辣,851798,闔家辣
141,2022,10916,霸王別姬,10997,霸王別姬
142,2022,22182,媽的星寵兒,942171,媽的星寵兒
143,2022,21786,七人樂隊,537761,七人樂隊
144,2022,22631,憂鬱之島,924120,憂鬱之島
145,2022,21047,邊緣行者,941132,邊緣行者
146,2022,20697,秋天的童話,64015,秋天的童話
147,2022,21801,繼園臺七號,616020,繼園臺七號
148,2022,23391,正義迴廊,1005251,正義迴廊
149,2022,21812,美少年之戀,27060,美少年之戀
150,2022,21517,喜歡妳是妳,876189,喜歡妳是妳
151,2022,22231,一路瞳行,838119,一路瞳行
152,2022,23317,無間道,10775,無間道
154,2022,22085,玫瑰的故事,1325023,玫瑰的故事
155,2022,21978,流金歲月,255856,流金歲月
156,2022,22435,心裏美,987446,心裏美
158,2022,21123,海上花,45935,海上花
160,2022,23367,無間道II,11647,無間道II
161,2022,23349,無間道III：終極無間,14310,無間道III：終極無間
164,2022,22758,流浪者之歌,861947,流浪者之歌
165,2022,22755,卡拉之歌,2143,卡拉之歌
166,2022,20515,時代革命,850884,時代革命
169,2022,7689,發條橘子,185,發條橘子
170,2022,22525,瘋狂富作用,497828,瘋狂富作用
171,2022,21017,鯊顫,960258,鯊顫
172,2022,20802,餐廳失控夜,807196,餐廳失控夜
173,2022,22117,士兵與軍官,797838,士兵與軍官
175,2022,20693,極限逃殺,924482,極限逃殺
176,2022,22611,如果驢知道,785398,如果驢知道
177,2022,19272,算牌手,643532,算牌手
179,2022,21906,我們的英搖時光,624793,我們的英搖時光
180,2022,20076,愛上費加洛,508444,愛上費加洛
182,2022,18530,裸體午餐,2742,裸體午餐
184,2022,14480,超速性追緝,884,超速性追緝
186,2022,22260,性愛成癮的男人,76025,性愛成癮的男人
189,2022,20827,瑪莉娜的512小時,816344,瑪莉娜的512小時
192,2022,11227,山那邊的青稞田,496404,山那邊的青稞田
196,2022,22880,大製片家,844176,大製片家
197,2022,20291,毫無意義,42035,毫無意義
202,2022,20189,蜘蛛人：無家日,634649,蜘蛛人：無家日
203,2022,23322,阿凡達：水之道,76600,阿凡達：水之道
205,2022,19885,永恆族,524434,永恆族
207,2022,21054,奇異博士2：失控多重宇宙,453395,奇異博士2：失控多重宇宙
208,2022,21741,雷神索爾：愛與雷霆,616037,雷神索爾：愛與雷霆
209,2022,20277,金牌特務：金士曼起源,476669,金牌特務：金士曼起源
210,2022,19639,猛毒2：血蜘蛛,580489,猛毒2：血蜘蛛
211,2022,19182,沙丘,438631,沙丘
213,2022,19150,尚氣與十環傳奇,566525,尚氣與十環傳奇
214,2022,22676,黑亞當,436270,黑亞當
216,2022,20587,蝙蝠俠,414906,蝙蝠俠
217,2022,20863,怪獸與鄧不利多的秘密,338953,怪獸與鄧不利多的秘密
218,2022,21777,子彈列車,718930,子彈列車
219,2022,20539,秘境探險,335787,秘境探險
220,2022,18984,脫稿玩家,550988,脫稿玩家
221,2022,20828,媽的多重宇宙,545611,媽的多重宇宙
222,2022,20215,駭客任務：復活,624860,駭客任務：復活
223,2022,20484,月球隕落,406759,月球隕落
224,2022,19984,惡靈古堡首部曲：拉昆市,460458,惡靈古堡首部曲：拉昆市
225,2022,20786,魔比斯,526896,魔比斯
226,2022,18891,黑寡婦,497698,黑寡婦
227,2022,21422,巴斯光年,718789,巴斯光年
228,2022,20470,尼羅河謀殺案,505026,尼羅河謀殺案
229,2022,20050,魔法滿屋,568124,魔法滿屋
230,2022,22373,微笑,882598,微笑
232,2022,20748,失落謎城,752623,失落謎城
233,2022,21742,雷神索爾：愛與雷霆,616037,雷神索爾：愛與雷霆
234,2022,20580,劫命救護,763285,劫命救護
235,2022,21821,孤兒怨2：最黑暗的過去,760161,孤兒怨2：最黑暗的過去
237,2022,20635,壞蛋聯盟,629542,壞蛋聯盟
238,2022,18983,汪汪隊立大功電影版,675445,汪汪隊立大功電影版
239,2022,22355,幸福入場券,800939,幸福入場券
241,2022,22663,五星饗魘,593643,五星饗魘
242,2022,18759,厲陰宅3：是惡魔逼我的,423108,厲陰宅3：是惡魔逼我的
245,2022,21837,DC超級寵物軍團,539681,DC超級寵物軍團
246,2022,18014,捍衛救援,634528,捍衛救援
247,2022,18846,路卡的夏天,508943,路卡的夏天
249,2022,20403,夜路,597208,夜路
251,2022,19688,法蘭西特派週報,542178,法蘭西特派週報
252,2022,18925,寶貝老闆：家大業大,459151,寶貝老闆：家大業大
253,2022,22337,墜,985939,墜
254,2022,18816,殺手保鑣2,522931,殺手保鑣2
255,2022,23155,決戰38度線,653851,決戰38度線
256,2022,20582,黑光行動,823625,黑光行動
257,2022,18866,密弒遊戲2：勝者危亡,585216,密弒遊戲2：勝者危亡
258,2022,19161,疾厄,619778,疾厄
259,2022,22879,鬼禱,676547,鬼禱
260,2022,20241,闇黑電話,756999,闇黑電話
261,2022,20925,超吉任務,648579,超吉任務
262,2022,7858,以你的名字呼喚我,398818,以你的名字呼喚我
263,2022,20104,哈利波特：神秘的魔法石,671,哈利波特：神秘的魔法石
264,2022,18958,暫時停止呼吸2,482373,暫時停止呼吸2
265,2022,18824,疾凍救援,646207,疾凍救援
266,2022,23153,暴戾夜,899112,暴戾夜
267,2022,20294,355：諜影特攻,522016,355：諜影特攻
268,2022,19817,天兵阿榮,482321,天兵阿榮
270,2022,20240,驚聲尖叫,646385,驚聲尖叫
271,2022,19964,迷離夜蘇活,576845,迷離夜蘇活
272,2022,19786,王者理查,614917,王者理查
273,2022,21867,沼澤謀殺案,682507,沼澤謀殺案
274,2022,22530,阿姆斯特丹,664469,阿姆斯特丹
275,2022,19308,月光光新慌慌：萬聖殺,610253,月光光新慌慌：萬聖殺
276,2022,18430,夢想之地,615643,夢想之地
278,2022,22195,拉辛正傳,601635,拉辛正傳
279,2022,19919,大紅狗克里弗,585245,大紅狗克里弗
280,2022,22245,別擔心親愛的,619730,別擔心親愛的
281,2022,20982,記憶殺神,818397,記憶殺神
282,2022,22652,月光光新慌慌：萬聖結,616820,月光光新慌慌：萬聖結
283,2022,19783,史賓賽,716612,史賓賽
285,2022,22924,骨肉的總和,791177,骨肉的總和
286,2022,22115,三千年的渴望,556694,三千年的渴望
287,2022,22476,哥兒們,614939,哥兒們
288,2022,19657,鹿魔,516329,鹿魔
289,2022,19539,最後的決鬥,617653,最後的決鬥
290,2022,22242,看你往哪跑,766475,看你往哪跑
291,2022,20362,西城故事,511809,西城故事
292,2022,21942,獸,760741,獸
293,2022,22328,捍衛戰士,744,捍衛戰士
294,2022,21719,喜悅：達賴喇嘛遇見屠圖主教,836723,喜悅：達賴喇嘛遇見屠圖主教
296,2022,22116,世紀婚魘,830788,世紀婚魘
297,2022,21930,天黑請斃命,520023,天黑請斃命
298,2022,9023,2001太空漫遊,62,2001太空漫遊
299,2022,20394,王牌冤家,38,王牌冤家
300,2022,22397,毛骨悚然：惡魔重生,717728,毛骨悚然：惡魔重生
301,2022,20356,死間行動,661231,死間行動
302,2022,22308,刀鋒劍客,366672,刀鋒劍客
303,2022,9986,鬼店,694,鬼店
304,2022,20770,救命緝約,628900,救命緝約
305,2022,23321,與你共舞,696157,與你共舞
307,2022,23084,她有話要說,837881,她有話要說
308,2022,19659,達賴的一生,9746,達賴的一生
309,2022,22651,天劫高手,842942,天劫高手
310,2022,20659,絕命通話,764835,絕命通話
311,2022,17499,說不出的告別,536396,說不出的告別
312,2022,20660,貝爾法斯特,777270,貝爾法斯特
313,2022,20235,黑特冤家,603661,黑特冤家
314,2022,22679,驚爆倒數60分鐘,888195,驚爆倒數60分鐘
315,2022,20363,看不見的殺機,825808,看不見的殺機
316,2022,22963,絕命線阱,979924,絕命線阱
317,2022,21033,驅神,836225,驅神
318,2022,20528,逍遙上路,626735,逍遙上路
319,2022,6252,八月三十一日，我在奧斯陸,75233,八月三十一日，我在奧斯陸
320,2022,23128,俠探特攻：全面追緝,1024546,俠探特攻：全面追緝
321,2022,20554,終極堡壘,826749,終極堡壘
322,2022,20472,終極攻佔,718949,終極攻佔
323,2022,18735,金甲部隊,600,金甲部隊
324,2022,19690,地球重生,760873,地球重生
325,2022,18693,獵殺戰場,733317,獵殺戰場
326,2022,19241,生命理賠師,649394,生命理賠師
327,2022,23286,俠探特攻：贖罪行動,1035803,俠探特攻：贖罪行動
328,2022,20848,玩命獵殺,628878,玩命獵殺
329,2022,20143,完美的敵人,655917,完美的敵人
330,2022,21306,大開眼戒,345,大開眼戒
332,2022,20211,危城行動,762433,危城行動
333,2022,20713,劫獄救援,818192,劫獄救援
334,2022,20861,終極交戰,864116,終極交戰
335,2022,18707,齊瓦哥醫生,907,齊瓦哥醫生
336,2022,20681,全面掃蕩,689700,全面掃蕩
337,2022,23311,朝聖之路：聖雅各,59468,朝聖之路：聖雅各
338,2022,20561,詭謎藏,801271,詭謎藏
339,2022,21802,殺戮基地,848123,殺戮基地
340,2022,19475,爽賺姐妹,628914,爽賺姐妹
341,2022,20458,情聖西哈諾,730047,情聖西哈諾
342,2022,19601,四個好日子,641960,四個好日子
343,2022,20736,心碎效應,844398,心碎效應
344,2022,19921,蘿莉塔,9769,蘿莉塔
346,2022,20930,終極夜路,916821,終極夜路
347,2022,20809,終極包圍戰,766907,終極包圍戰
348,2022,20560,通靈女校,641668,通靈女校
349,2022,21180,進擊的地才,821427,進擊的地才
351,2022,20217,終極狩獵團,763164,終極狩獵團
352,2022,20992,公共圖書館員,331986,公共圖書館員
354,2022,21172,最後的生存者,789171,最後的生存者
355,2022,23014,鱷魚歌王,830784,鱷魚歌王
356,2022,22714,終極堡壘2,883502,終極堡壘2
357,2022,20486,BJ單身日記,634,BJ單身日記
358,2022,19318,美國舞孃,10802,美國舞孃
359,2022,19383,異類崛起,850099,異類崛起
360,2022,20384,魔境夢遊,12155,魔境夢遊
361,2022,20192,殲獄行動,811592,殲獄行動
362,2022,22959,貓爸爸們,896689,貓爸爸們
363,2022,21035,超級救援狗,577721,超級救援狗
370,2022,14586,為所應為,925,為所應為
374,2022,23288,海底世界,1306218,海底世界
376,2022,23217,高原上的家屋,913820,高原上的家屋
377,2022,1691,地下社會,11902,地下社會
378,2022,18745,鬼保母,575088,鬼保母
379,2022,20692,絕命第19排,659384,絕命第19排
380,2022,19136,致命最前線,579831,致命最前線
381,2022,21173,逃出封鎖線,597859,逃出封鎖線
382,2022,18792,心悸效應,575072,心悸效應
383,2022,22404,大尉叛逃記,818621,大尉叛逃記
384,2022,22524,獵空計畫,818415,獵空計畫
385,2022,20568,核爆車諾比,589761,核爆車諾比
386,2022,5643,鏡子,1396,鏡子
387,2022,5666,潛行者,1398,潛行者
388,2022,21155,月影歸途,987424,月影歸途
389,2022,21221,鬼雙胞,477462,鬼雙胞
390,2022,20414,反恐行動：獨立日,655302,反恐行動：獨立日
391,2022,21380,當女孩戀愛時,683363,當女孩戀愛時
392,2022,21163,孵魔,517302,孵魔
393,2022,21706,朵貝的愛情繪本,608232,朵貝的愛情繪本
394,2022,21536,不看鐵達尼號的男人,716855,不看鐵達尼號的男人
395,2022,21528,拜金女王的性愛派對,881764,拜金女王的性愛派對
397,2022,21888,大獲拳勝,845875,大獲拳勝
398,2022,21365,永遠的一天,24858,永遠的一天
400,2022,15103,燃燒女子的畫像,531428,燃燒女子的畫像
401,2022,21920,蝙狐俠：英雄覺醒,746333,蝙狐俠：英雄覺醒
402,2022,19696,天才貓奴畫家,617762,天才貓奴畫家
403,2022,20184,黑盒線索,663260,黑盒線索
404,2022,19894,鈦,630240,鈦
405,2022,21995,正發生,793998,正發生
407,2022,22349,死噬,955569,死噬
410,2022,20489,今敏：造夢魔術師,809488,今敏：造夢魔術師
411,2022,22243,小獅子王,892527,小獅子王
412,2022,20943,親愛的童伴,749004,親愛的童伴
413,2022,20873,友你才精彩,757999,友你才精彩
414,2022,22183,拆彈倒數30分鐘,827887,拆彈倒數30分鐘
416,2022,20530,艾菲爾情緣,655082,艾菲爾情緣
417,2022,21717,失業風暴,601188,失業風暴
419,2022,21514,一屍到底：法屍浪漫,852438,一屍到底：法屍浪漫
420,2022,20454,最後一件晚禮服的秘密,719463,最後一件晚禮服的秘密
421,2022,21863,就在今夜,895659,就在今夜
422,2022,3350,玩命光頭,826218,玩命光頭
423,2022,20300,柏格曼的島,477044,柏格曼的島
424,2022,20485,巴黎夢想家,660000,巴黎夢想家
425,2022,20364,天堂計劃,735726,天堂計劃
426,2022,21046,失速母親,833417,失速母親
427,2022,19858,密室譯戰,477018,密室譯戰
428,2022,19952,尋子風暴,750253,尋子風暴
429,2022,20399,我的神秘狼朋友,754067,我的神秘狼朋友
430,2022,21866,春日小戀曲,712134,春日小戀曲
431,2022,21810,降臨節日曆,762079,降臨節日曆
434,2022,21311,來自巴黎的情書,833428,來自巴黎的情書
436,2022,10963,全面開戰,485162,全面開戰
437,2022,4575,四百擊,147,四百擊
438,2022,21824,一萬個叢林夜,695089,一萬個叢林夜
440,2022,22741,書情話慾,774343,書情話慾
441,2022,23265,有你就是家,914203,有你就是家
442,2022,6630,斷了氣,269,斷了氣
443,2022,21440,越界分身,659988,越界分身
444,2022,20395,情慾告白,526811,情慾告白
445,2022,19093,破碎的琴鍵,712128,破碎的琴鍵
446,2022,20136,夏日之戀,1628,夏日之戀
448,2022,19731,仰望星空的少年,712178,仰望星空的少年
449,2022,20406,豪門媳婦日記,660955,豪門媳婦日記
450,2022,20963,藍色是最溫暖的顏色,152584,藍色是最溫暖的顏色
451,2022,20169,最後地下鐵,1716,最後地下鐵
452,2022,20124,喀布爾之燕,582881,喀布爾之燕
453,2022,20862,屠女養成記,757341,屠女養成記
454,2022,20177,幸福知音,809733,幸福知音
455,2022,23375,美好的早晨,747779,美好的早晨
456,2022,20712,安妮詩快跑,781453,安妮詩快跑
457,2022,22650,真實世界,664506,真實世界
458,2022,4469,阿爾發城,8072,阿爾發城
459,2022,22740,抓狂養老院,736500,抓狂養老院
461,2022,22173,她和她的小主廚們,845140,她和她的小主廚們
462,2022,22756,賴活,1626,賴活
465,2022,23386,男性，女性,4710,男性，女性
466,2022,20451,執愛不悔,594691,執愛不悔
467,2022,21993,夜色中的她,810677,夜色中的她
468,2022,20803,破膽三次,11298,破膽三次
469,2022,22901,索蘭琪的少女心事,749107,索蘭琪的少女心事
474,2022,21660,一路上有妳,589985,一路上有妳
475,2022,20928,築愛巴黎,582886,築愛巴黎
476,2022,21360,塞瑟島之旅,47792,塞瑟島之旅
477,2022,21366,希臘二部曲：時光灰燼,51735,希臘二部曲：時光灰燼
478,2022,21359,獵人,179890,獵人
481,2022,21362,霧中風景,47795,霧中風景
482,2022,19922,夢想裁縫師,764810,夢想裁縫師
485,2022,20579,平行母親,766798,平行母親
486,2022,20596,丟包大作戰,755437,丟包大作戰
487,2022,20289,瘋狂競賽片,668640,瘋狂競賽片
488,2022,19857,雙子謀殺案：白城之寂,542917,雙子謀殺案：白城之寂
489,2022,23122,放牛班足球隊,954748,放牛班足球隊
490,2022,23198,湯恩與劍客汪汪隊,768726,湯恩與劍客汪汪隊
491,2022,22893,遺屍物,946706,遺屍物
492,2022,19205,蝸牛之家,772148,蝸牛之家
499,2022,23188,梵天神器：滅世開端,496331,梵天神器：滅世開端
500,2022,21709,偉大的印度廚房,786064,偉大的印度廚房
501,2022,20903,天堂電影院,821494,天堂電影院
502,2022,23338,鬼搖靈2：陰語陣陣,925786,鬼搖靈2：陰語陣陣
503,2022,21307,娜娜：逝水年華,859933,娜娜：逝水年華
504,2022,20652,懾影屍,655363,懾影屍
505,2022,20962,忌妒的藍圖,574078,忌妒的藍圖
507,2022,20191,天菜特警,792775,天菜特警
508,2022,20728,何處是我朋友的家？,49964,何處是我朋友的家？
510,2022,20804,橄欖樹下的情人,47104,橄欖樹下的情人
511,2022,20758,生生長流,83761,生生長流
512,2022,20632,我不是英雄,672208,我不是英雄
514,2022,22196,贖罪風暴,669401,贖罪風暴
516,2022,20740,沉默呼聲,888602,沉默呼聲
517,2022,20201,麥特與麥斯,519141,麥特與麥斯
518,2022,21838,未來犯罪,819876,未來犯罪
519,2022,19092,親情解鎖,554761,親情解鎖
520,2022,20386,他奶奶的變裝皇后,740963,他奶奶的變裝皇后
521,2022,20683,藥命回憶,522406,藥命回憶
522,2022,22307,怪胎英雄：奇克探險記,778855,怪胎英雄：奇克探險記
523,2022,17368,鬼滅之刃劇場版 無限列車篇,635302,鬼滅之刃劇場版 無限列車篇
524,2022,20591,劇場版 咒術迴戰 0,810693,劇場版 咒術迴戰 0
529,2022,21864,蠟筆小新：幽靈忍者珍風傳,955666,蠟筆小新：幽靈忍者珍風傳
531,2022,13730,普羅米亞,553600,普羅米亞
532,2022,19157,蠟筆小新：謎案！天下春日部學院的怪奇事件,795564,蠟筆小新：謎案！天下春日部學院的怪奇事件
533,2022,23197,關於我轉生變成史萊姆這檔事劇場版 紅蓮之絆篇,876792,關於我轉生變成史萊姆這檔事劇場版 紅蓮之絆篇
534,2022,21385,餘命10年,876797,餘命10年
535,2022,20610,神隱少女,129,神隱少女
537,2022,21718,角落小夥伴電影版：藍色月夜的魔法之子,877840,角落小夥伴電影版：藍色月夜的魔法之子
538,2022,9977,龍貓,8392,龍貓
539,2022,23148,通往夏天的隧道，再見的出口,916192,通往夏天的隧道，再見的出口
540,2022,22194,七龍珠超：超級英雄,610150,七龍珠超：超級英雄
545,2022,20279,在車上,758866,在車上
546,2022,22878,天空之城,10515,天空之城
551,2022,21973,劇場版 五等分的新娘,820067,劇場版 五等分的新娘
552,2022,22962,即使，這份戀情今晚會從世上消失,977871,即使，這份戀情今晚會從世上消失
553,2022,22380,破案天才伽利略：沉默的遊行,956564,破案天才伽利略：沉默的遊行
555,2022,20057,Fate/Grand Order -終局特異點 冠位時間神殿所羅門-,829920,Fate/Grand Order -終局特異點 冠位時間神殿所羅門-
556,2022,20264,名偵探柯南：大怪獸哥梅拉VS假面超人,925492,名偵探柯南：大怪獸哥梅拉VS假面超人
560,2022,19895,我讓最想被擁抱的男人給威脅了 劇場版～西班牙篇～,820530,我讓最想被擁抱的男人給威脅了 劇場版～西班牙篇～
561,2022,19687,偶然與想像,795811,偶然與想像
567,2022,23463,灌籃高手 THE FIRST SLAM DUNK,783675,灌籃高手 THE FIRST SLAM DUNK
570,2022,22230,犬王,642538,犬王
571,2022,20535,電影版 昨日的美食,824362,電影版 昨日的美食
573,2022,20355,讓我聽見愛的歌聲,741335,讓我聽見愛的歌聲
575,2022,20186,魔仿犯,808667,魔仿犯
576,2022,22512,極速甩尾,983866,極速甩尾
577,2022,20669,魔法水果籃 -前奏曲-,896499,魔法水果籃 -前奏曲-
578,2022,21237,牛首村,854006,牛首村
579,2022,21941,北齋：浮世繪傳奇,698215,北齋：浮世繪傳奇
580,2022,21790,特『刀劍亂舞-花丸-』～雪之卷～,978039,特『刀劍亂舞-花丸-』～雪之卷～
582,2022,18774,花束般的戀愛,695932,花束般的戀愛
583,2022,23249,天使降臨到我身邊！珍貴的朋友,966709,天使降臨到我身邊！珍貴的朋友
585,2022,22408,特『刀劍亂舞-花丸-』～華之卷～,1081641,特『刀劍亂舞-花丸-』～華之卷～
586,2022,22167,特『刀劍亂舞-花丸-』～月之卷～,1081640,特『刀劍亂舞-花丸-』～月之卷～
588,2022,20744,急急復雞雞,899743,急急復雞雞
589,2022,20684,尋人啟弒,874476,尋人啟弒
592,2022,19852,詛咒,264718,詛咒
594,2022,20715,接棒家族,853731,接棒家族
595,2022,20631,燃燒的劍,726894,燃燒的劍
596,2022,22511,信用詐欺師JP：英雄篇,930432,信用詐欺師JP：英雄篇
598,2022,20229,電影 K-ON！輕音部,120811,電影 K-ON！輕音部
600,2022,20541,那些得不到保護的人,794719,那些得不到保護的人
601,2022,22005,如月車站,959439,如月車站
602,2022,21537,螢火蟲之墓,76826,螢火蟲之墓
604,2022,19264,鹿王,633844,鹿王
605,2022,19896,超慄方殺陣,792678,超慄方殺陣
607,2022,20993,漁港的肉子,781816,漁港的肉子
608,2022,14034,今天也要用便當出擊,514880,今天也要用便當出擊
609,2022,21441,再見了，橡果兄弟！－奇蹟的暑假－,846993,再見了，橡果兄弟！－奇蹟的暑假－
610,2022,22197,萌男友是柑橘色,996499,萌男友是柑橘色
612,2022,20520,夏日幽靈,798544,夏日幽靈
614,2022,20047,青春特調蜂蜜檸檬蘇打,853821,青春特調蜂蜜檸檬蘇打
615,2022,21933,末日救世主,996666,末日救世主
617,2022,21710,婚顧女王,912632,婚顧女王
618,2022,21929,七五計劃,958487,七五計劃
619,2022,9952,睡著也好醒來也罷,487850,睡著也好醒來也罷
620,2022,21589,怪獸死了怎麼辦,831920,怪獸死了怎麼辦
621,2022,21707,太陽與波麗露,1037696,太陽與波麗露
622,2022,20301,鳩的擊退法,844225,鳩的擊退法
623,2022,22350,Ｎ号棟鬧鬼,938133,Ｎ号棟鬧鬼
625,2022,22431,春心萌動的老屋緣廊,963131,春心萌動的老屋緣廊
626,2022,23040,葬禮,42095,葬禮
628,2022,23041,蒲公英,11830,蒲公英
629,2022,22228,河畔小日子,749927,河畔小日子
630,2022,20918,決戰星期天,863857,決戰星期天
631,2022,22474,流浪之月,849786,流浪之月
634,2022,20529,垃圾頭,464768,垃圾頭
635,2022,22961,天才狂歡派對：最終章,77248,天才狂歡派對：最終章
638,2022,23384,TANG,961415,TANG
639,2022,22508,救救旱鴨子,956450,救救旱鴨子
641,2022,20125,電影版 狂賭之淵2：絕體絕命俄羅斯輪盤,742396,電影版 狂賭之淵2：絕體絕命俄羅斯輪盤
642,2022,23401,邪惡的孩子,958017,邪惡的孩子
643,2022,20101,沒說出口的殺人告白,735409,沒說出口的殺人告白
644,2022,23187,還有愛的日子,927594,還有愛的日子
645,2022,23107,性徒,987573,性徒
647,2022,20983,鳶,794721,鳶
648,2022,23192,線，畫出的我,961266,線，畫出的我
649,2022,20919,第一人夫,756198,第一人夫
650,2022,20653,輝耀姬物語,149871,輝耀姬物語
656,2022,21315,偷情連載中,810587,偷情連載中
657,2022,20936,兒時的點點滴滴,15080,兒時的點點滴滴
658,2022,21393,噪音,848298,噪音
659,2022,22503,調職令是警察樂隊！,961381,調職令是警察樂隊！
661,2022,20865,海岬的迷途之家,760758,海岬的迷途之家
663,2022,20295,月影,847335,月影
664,2022,23264,魔幻時刻,46361,魔幻時刻
665,2022,20193,四季拉麵物語,809695,四季拉麵物語
666,2022,22532,魚之子,952438,魚之子
667,2022,20951,露草,954094,露草
668,2022,19061,總編的復仇,744714,總編的復仇
669,2022,22882,好想傳達你的聲音,461078,好想傳達你的聲音
670,2022,22244,我想被高中女生殺死,960312,我想被高中女生殺死
673,2022,18685,告白,54186,告白
677,2022,22902,錯位的青春,810674,錯位的青春
678,2022,22802,幽靜的山荷葉,859798,幽靜的山荷葉
679,2022,22533,每天上班總是累得要死,890326,每天上班總是累得要死
682,2022,20759,對某飛行員的追憶,93013,對某飛行員的追憶
685,2022,23262,鬼壓床了沒,130023,鬼壓床了沒
688,2022,20824,臥底型警FINAL,845611,臥底型警FINAL
691,2022,22881,通往異世界的便利店,995387,通往異世界的便利店
696,2022,20533,夢境診斷與恐怖體驗,1011873,夢境診斷與恐怖體驗
697,2022,23222,有頂天大飯店,112903,有頂天大飯店
698,2022,6711,東京物語,18148,東京物語
701,2022,23218,愛情在車上,1003706,愛情在車上
702,2022,20707,國士無雙,146126,國士無雙
703,2022,22738,天堂髮廊,782648,天堂髮廊
704,2022,23193,無法無天,598,無法無天
705,2022,20729,漂浪人生,680813,漂浪人生
708,2022,19269,月老,783740,月老
709,2022,20646,咒,864370,咒
710,2022,18190,聽見歌 再唱,793392,聽見歌 再唱
711,2022,20477,我吃了那男孩一整年的早餐,839294,我吃了那男孩一整年的早餐
713,2022,22531,流麻溝十五號,1005555,流麻溝十五號
714,2022,19183,瀑布,852355,瀑布
715,2022,20670,少年吔,943737,少年吔
716,2022,21822,民雄鬼屋,931894,民雄鬼屋
717,2022,20725,頭七,918035,頭七
718,2022,23355,想見你,804725,想見你
719,2022,20175,素還真,925725,素還真
720,2022,19357,美國女孩,878987,美國女孩
721,2022,22671,罪後真相,1007962,罪後真相
722,2022,20312,噩兆,917717,噩兆
723,2022,22659,你在我心上,1025086,你在我心上
724,2022,21785,哈勇家,975812,哈勇家
725,2022,20921,少年吔，安啦！,205464,少年吔，安啦！
726,2022,19729,一杯熱奶茶的等待,876648,一杯熱奶茶的等待
727,2022,22082,科學少女,957112,科學少女
728,2022,20354,初戀慢半拍,933785,初戀慢半拍
729,2022,19630,再說一次我願意,846517,再說一次我願意
730,2022,15629,男人與他的海,764425,男人與他的海
731,2022,20817,我心我行,1006694,我心我行
732,2022,21165,神人之家,937356,神人之家
734,2022,21119,一家子兒咕咕叫,899460,一家子兒咕咕叫
735,2022,19319,青春弒戀,796155,青春弒戀
736,2022,19608,該死的阿修羅,880156,該死的阿修羅
738,2022,19662,售命,942953,售命
739,2022,10375,一家之主,769802,一家之主
740,2022,22660,小藍,975575,小藍
741,2022,19402,鱷魚,860887,鱷魚
742,2022,20005,尋找神話之鳥,984997,尋找神話之鳥
743,2022,21915,他還年輕,1005979,他還年輕
744,2022,21233,台灣男子葉石濤,987422,台灣男子葉石濤
746,2022,20531,野夏天,931885,野夏天
748,2022,14496,不想一個人,890538,不想一個人
749,2022,17116,嗨！神獸,740823,嗨！神獸
751,2022,17799,愛別離苦,946267,愛別離苦
752,2022,20643,青春換日線,939287,青春換日線
753,2022,19064,廢棄之城,767246,廢棄之城
754,2022,18755,老鷹之手,891566,老鷹之手
755,2022,20521,藏匿處,936286,藏匿處
756,2022,21174,孫行者傳,1026182,孫行者傳
759,2022,21825,舞徑,1017006,舞徑
760,2022,19320,沒有人該成為孤島,927480,沒有人該成為孤島
762,2022,14720,期末考,810020,期末考
764,2022,20051,兜兜風,899387,兜兜風
765,2022,18424,徘徊年代,829584,徘徊年代
766,2022,16508,逆者,868682,逆者
767,2022,19957,高山上的熱氣球,893252,高山上的熱氣球
769,2022,21080,教練,960450,教練
770,2022,18306,詭祭,660001,詭祭
771,2022,19987,願未央,816752,願未央
772,2022,19122,影子背後,1003994,影子背後
773,2022,20920,給阿媽的一封信,874781,給阿媽的一封信
776,2022,20053,我記得,302528,我記得
777,2022,17487,修行,877246,修行
778,2022,18796,文林銀行,900843,文林銀行
780,2022,22011,孫行者傳,1026182,孫行者傳
781,2022,21748,KULO,1009987,KULO
782,2022,21200,夏日天空的那匹紅馬,814174,夏日天空的那匹紅馬
783,2022,21239,還孩子做自己,1153451,還孩子做自己
784,2022,21921,我永遠永遠永遠愛你,1009977,我永遠永遠永遠愛你
786,2022,22327,關於，半夜夢見林默娘乘著海湧把垃圾全丟進我的未來這件塑，好像是真的,1025309,關於，半夜夢見林默娘乘著海湧把垃圾全丟進我的未來這件塑，好像是真的
788,2022,23139,一起一起,1050665,一起一起
789,2022,22475,稻浪上的夢想家,1200506,稻浪上的夢想家
790,2022,21731,聖石傳說,24614,聖石傳說
792,2022,21690,家家,975681,家家
794,2022,22673,無邊,1032330,無邊
795,2022,22710,失序正義,1039769,失序正義
796,2022,22448,不老騎士-歐兜邁環台日記,137686,不老騎士-歐兜邁環台日記
797,2022,21171,勸世三姊妹：大銀幕特別版,1035872,勸世三姊妹：大銀幕特別版
798,2022,20375,格瑞特真相,798092,格瑞特真相
799,2022,23394,黑的教育,741329,黑的教育
801,2022,21087,北將七,939939,北將七
803,2022,1585,奼紫嫣紅開遍,375281,奼紫嫣紅開遍
807,2022,1394,西部來的人,316569,西部來的人
808,2022,1593,1918,74107,1918
810,2022,20262,寶島大夢,484574,寶島大夢
817,2022,18618,破輪胎,278445,破輪胎
819,2022,22759,我這樣過了一生,256133,我這樣過了一生
820,2022,5511,香蕉天堂,262831,香蕉天堂
821,2022,502,風中家族,356701,風中家族
823,2022,22215,紅柿子,262828,紅柿子
826,2022,20319,第一爐香,660002,第一爐香
827,2022,20054,藍宇,27062,藍宇
828,2022,20986,你好，李煥英,758891,你好，李煥英
829,2022,21616,于堇：蘭心大劇院,497834,于堇：蘭心大劇院
830,2022,22630,野馬分鬃,712164,野馬分鬃
831,2022,20396,奪冠,638032,奪冠
833,2022,22926,四海,827689,四海
834,2022,20154,郊區的鳥,537867,郊區的鳥
836,2022,23190,這個殺手不太冷靜,923192,這個殺手不太冷靜
837,2022,21423,李茂扮太子,903125,李茂扮太子
838,2022,16189,不丹是教室,627087,不丹是教室
839,2022,11237,大象席地而坐,499556,大象席地而坐
840,2022,6215,少年,436792,少年
841,2023,22707,仇恨謎林,919570,仇恨謎林
842,2023,13290,寄生上流,496243,寄生上流
843,2023,24516,犯罪都市3,955555,犯罪都市3
844,2023,25092,水泥烏托邦：末日浩劫,729854,水泥烏托邦：末日浩劫
845,2023,23147,音爆浩劫,774548,音爆浩劫
847,2023,22239,語意錯誤電影版,993885,語意錯誤電影版
848,2023,26037,鬼車站,844386,鬼車站
849,2023,24714,貴公子,1057001,貴公子
850,2023,21763,分手的決心,705996,分手的決心
851,2023,25160,逃出寧靜海,753091,逃出寧靜海
852,2023,26045,My SHINee World,1148154,My SHINee World
853,2023,23615,火線交涉,606400,火線交涉
854,2023,26405,12.12：首爾之春,919207,12.12：首爾之春
855,2023,25311,贖命救援,581395,贖命救援
856,2023,25179,MAMAMOO：MY CON THE MOVIE,1137172,MAMAMOO：MY CON THE MOVIE
858,2023,25407,千萬別開門,813079,千萬別開門
859,2023,23960,靈魂伴侶,617882,靈魂伴侶
860,2023,26219,30日,1052433,30日
861,2023,23796,8釐米：詛咒影帶,977155,8釐米：詛咒影帶
862,2023,23248,晝盲神探,806128,晝盲神探
863,2023,26381,鬼6怨,1168166,鬼6怨
864,2023,25736,沒有國家的冠軍,581394,沒有國家的冠軍
865,2023,25351,ASTRO,1357982,ASTRO
866,2023,26026,禍亂：地下秩序,1028684,禍亂：地下秩序
867,2023,25638,附身,950253,附身
868,2023,23216,整形帝王,717090,整形帝王
869,2023,25024,神鬼海底撈,783110,神鬼海底撈
870,2023,25803,詐騙女王,941045,詐騙女王
871,2023,25588,雉岳山怪談,987540,雉岳山怪談
872,2023,25322,保護者,656156,保護者
873,2023,23362,共感頻率,962489,共感頻率
874,2023,23383,首爾怪談,957154,首爾怪談
875,2023,23214,失控正義,882580,失控正義
876,2023,26260,全羅道少年殺人事件,714651,全羅道少年殺人事件
877,2023,23486,紳探追緝令,848198,紳探追緝令
878,2023,25494,鬼夢遊,964592,鬼夢遊
879,2023,26353,水鬼,848145,水鬼
882,2023,23587,幻影,715253,幻影
883,2023,24206,魯蛇大翻身,936243,魯蛇大翻身
884,2023,25710,極惡變身,952476,極惡變身
885,2023,24037,熊男,995063,熊男
886,2023,23786,超完美狗保姆,610249,超完美狗保姆
887,2023,23856,闇黑對決,640327,闇黑對決
888,2023,25829,誆世巨作：蜘蛛窩新宇宙,901121,誆世巨作：蜘蛛窩新宇宙
889,2023,23586,大明星多重宇宙,773910,大明星多重宇宙
890,2023,18516,薄荷糖,41245,薄荷糖
892,2023,23547,淘氣小企鵝啵樂樂 電影版：巨龍城堡大冒險,979688,淘氣小企鵝啵樂樂 電影版：巨龍城堡大冒險
893,2023,7777,原罪犯,670,原罪犯
894,2023,25425,新進社員：電影版,1106528,新進社員：電影版
895,2023,23507,HERO,1146789,HERO
897,2023,25212,絕對味覺情人,978202,絕對味覺情人
898,2023,23364,花路阿朱媽,958937,花路阿朱媽
899,2023,8031,親切的金子,4550,親切的金子
900,2023,23199,王者製造,573787,王者製造
901,2023,24201,陰影下的她,923344,陰影下的她
902,2023,16076,非常母親,30018,非常母親
903,2023,25148,劇場版 衝鋒戰士：搶救月球大作戰,636283,劇場版 衝鋒戰士：搶救月球大作戰
904,2023,26496,電影版 淘氣小企鵝啵樂樂 超級明星大冒險,1189165,電影版 淘氣小企鵝啵樂樂 超級明星大冒險
905,2023,8074,我要復仇,4689,我要復仇
906,2023,23508,對我而言，你是珍貴的,817485,對我而言，你是珍貴的
907,2023,24639,SUGA: Road to D-DAY,1106732,SUGA: Road to D-DAY
908,2023,19240,緣起不滅,42190,緣起不滅
909,2023,25242,花漾奶奶金難搞,956759,花漾奶奶金難搞
910,2023,24640,j-hope IN THE BOX,1076443,j-hope IN THE BOX
911,2023,23366,監弒器,831480,監弒器
913,2023,24542,四層公寓,1002470,四層公寓
914,2023,25167,朝聖之路：一路平安,682109,朝聖之路：一路平安
915,2023,25361,闇黑新世界,165213,闇黑新世界
916,2023,25318,正義辯護人,242452,正義辯護人
917,2023,23645,當男人戀愛時,797787,當男人戀愛時
918,2023,24842,在水中,1077647,在水中
920,2023,23146,小說家電影,928713,小說家電影
921,2023,24312,開心鬼上身,62439,開心鬼上身
922,2023,23474,巫師靈不靈！？,717908,巫師靈不靈！？
923,2023,25592,7號房的禮物,158445,7號房的禮物
924,2023,25535,狼少年：不朽的愛,128246,狼少年：不朽的愛
925,2023,26212,我們從末日開始,973778,我們從末日開始
926,2023,26127,餓之必要,938250,餓之必要
927,2023,26208,夢想紅舞鞋,1075010,夢想紅舞鞋
928,2023,23887,雙手的溫柔,958279,雙手的溫柔
930,2023,18110,竊聽風暴,582,竊聽風暴
931,2023,22172,米婭的精靈王國,955644,米婭的精靈王國
932,2023,24552,淨化論,910365,淨化論
934,2023,23290,蘿拉快跑,104,蘿拉快跑
935,2023,23511,拼音戀習曲,928709,拼音戀習曲
936,2023,23825,蓋世棋蹟,748787,蓋世棋蹟
937,2023,25771,我的完美日常,976893,我的完美日常
938,2023,25284,飛舞人生,842424,飛舞人生
939,2023,24010,萊茵金,912726,萊茵金
940,2023,23489,沒有你的旅程,586813,沒有你的旅程
941,2023,20204,陸上行舟,9343,陸上行舟
946,2023,25305,愛在滿格時,1033176,愛在滿格時
947,2023,24951,腹荷,1061648,腹荷
948,2023,24351,收陰機,1017063,收陰機
949,2023,23727,配樂大師顏尼歐,396194,配樂大師顏尼歐
950,2023,18356,郵差,11010,郵差
951,2023,24638,回不去的那座山,803700,回不去的那座山
952,2023,24255,禁忌的畫像：卡拉瓦喬之影,693349,禁忌的畫像：卡拉瓦喬之影
954,2023,24883,屍發現場,852758,屍發現場
955,2023,23487,若愛重來,743173,若愛重來
956,2023,25285,AI時代,1091360,AI時代
957,2023,24927,絕美波麗露,795254,絕美波麗露
960,2023,24107,惡靈地堡,794234,惡靈地堡
961,2023,23946,愛情停損點,794246,愛情停損點
962,2023,23565,開羅謀殺案,788977,開羅謀殺案
963,2023,25827,萬聖劫,1058078,萬聖劫
964,2023,26481,巫術,1015936,巫術
965,2023,24729,尋愛小說家：海史密斯,915939,尋愛小說家：海史密斯
966,2023,15271,熱帶雨,584242,熱帶雨
968,2023,24786,芽籠,1029178,芽籠
969,2023,23721,巫母,782936,巫母
970,2023,23888,夏日悄悄話,916405,夏日悄悄話
971,2023,23516,束縛,888321,束縛
972,2023,25163,愛爾瑪的情與慾,997777,愛爾瑪的情與慾
974,2023,24417,厲嬰魂,1073449,厲嬰魂
975,2023,24074,涅槃咒,1057919,涅槃咒
976,2023,25862,折翼姊妹,1030991,折翼姊妹
978,2023,24551,惡靈魔洛剋,959558,惡靈魔洛剋
980,2023,24105,神鬼聖戰,296271,神鬼聖戰
981,2023,24348,米蘭昆德拉：從玩笑到無謂的盛宴,835362,米蘭昆德拉：從玩笑到無謂的盛宴
982,2023,23221,色界,993234,色界
983,2023,26140,富都青年,1027982,富都青年
984,2023,18318,南巫,759524,南巫
985,2023,25182,五月雪,973587,五月雪
988,2023,24061,血忌,1015079,血忌
989,2023,25414,虎紋少女,1077693,虎紋少女
992,2023,22198,沒有煙硝的日子,913760,沒有煙硝的日子
993,2023,25359,尋父冒險記,1005141,尋父冒險記
994,2023,25990,戰場日記,1058616,戰場日記
995,2023,25630,戰火邊緣的青春,853084,戰火邊緣的青春
996,2023,24311,邪厄,977177,邪厄
997,2023,3142,鬼打牆,709631,鬼打牆
998,2023,26441,送葬人,1113119,送葬人
1000,2023,24915,My Precious初戀,976125,My Precious初戀
1001,2023,26126,日暮生死戀,1113085,日暮生死戀
1002,2023,24833,鬼偶,1031388,鬼偶
1003,2023,26022,凱蒂超殺女,842607,凱蒂超殺女
1004,2023,23576,天生一對2 大電影：再續前緣,937753,天生一對2 大電影：再續前緣
1005,2023,26501,情牽浮生戲,1076011,情牽浮生戲
1006,2023,24309,Anne的多重恐懼,952127,Anne的多重恐懼
1007,2023,25777,初戀你我他,977179,初戀你我他
1011,2023,24350,為你鍾琴,804868,為你鍾琴
1012,2023,24840,我恨我自己,788734,我恨我自己
1013,2023,26471,金手指,823598,金手指
1014,2023,24981,掃毒3：人在天涯,1093485,掃毒3：人在天涯
1015,2023,23440,天龍八部之喬峰傳,990140,天龍八部之喬峰傳
1016,2023,23688,風再起時,531379,風再起時
1018,2023,7331,春光乍洩,18329,春光乍洩
1021,2023,26033,年少日記,957863,年少日記
1023,2023,23702,斷網,741602,斷網
1024,2023,23635,毒舌大狀,990326,毒舌大狀
1025,2023,22876,智齒,591222,智齒
1026,2023,20565,少年,436792,少年
1027,2023,20702,阮玲玉,68004,阮玲玉
1028,2023,24731,命案,969050,命案
1029,2023,23391,正義迴廊,1005251,正義迴廊
1030,2023,26077,困獸,1172012,困獸
1031,2023,23964,燈火闌珊,824742,燈火闌珊
1032,2023,20741,英雄本色,11471,英雄本色
1033,2023,25150,暗殺風暴,902533,暗殺風暴
1034,2023,23927,白日青春,1029168,白日青春
1035,2023,10916,霸王別姬,10997,霸王別姬
1036,2023,26234,白日之下,1099217,白日之下
1037,2023,22631,憂鬱之島,924120,憂鬱之島
1038,2023,21801,繼園臺七號,616020,繼園臺七號
1039,2023,23965,窄路微塵,957861,窄路微塵
1040,2023,23623,屍房菜,1002317,屍房菜
1041,2023,23317,無間道,10775,無間道
1042,2023,23873,流水落花,1027944,流水落花
1043,2023,24595,死屍死時四十四,1005259,死屍死時四十四
1044,2023,23385,緣路山旮旯,898009,緣路山旮旯
1045,2023,26510,潛行,999056,潛行
1046,2023,23679,十三門徒,1002318,十三門徒
1048,2023,23367,無間道II,11647,無間道II
1049,2023,21812,美少年之戀,27060,美少年之戀
1050,2023,23349,無間道III：終極無間,14310,無間道III：終極無間
1051,2023,23439,投奔怒海,72445,投奔怒海
1052,2023,25984,釀魂,1147689,釀魂
1053,2023,26034,4拍4家族,1063554,4拍4家族
1054,2023,26397,夜校,1177518,夜校
1055,2023,24916,失衡凶間之罪與殺,988900,失衡凶間之罪與殺
1056,2023,24106,絕地營救,882569,絕地營救
1058,2023,25045,鬼手鬼手 請開口,1008042,鬼手鬼手 請開口
1059,2023,23548,日麗,965150,日麗
1060,2023,16474,俘虜,11948,俘虜
1061,2023,22525,瘋狂富作用,497828,瘋狂富作用
1062,2023,23665,小熊維尼：血與蜜,980078,小熊維尼：血與蜜
1063,2023,25102,喵的詐騙集團,676710,喵的詐騙集團
1064,2023,16906,教會,11416,教會
1065,2023,17878,惡水真相,560008,惡水真相
1066,2023,16101,烈火情人,11012,烈火情人
1069,2023,22611,如果驢知道,785398,如果驢知道
1070,2023,24717,小提琴天后慕特：愛樂一生,1104840,小提琴天后慕特：愛樂一生
1080,2023,23699,色局追兇,89455,色局追兇
1084,2023,23885,杏仁與海馬,787791,杏仁與海馬
1086,2023,24062,危險療程,48231,危險療程
1087,2023,25046,卓別林與他的情人,10435,卓別林與他的情人
1089,2023,24940,長路將盡,11889,長路將盡
1091,2023,25188,無情荒地有琴天,46992,無情荒地有琴天
1093,2023,25893,戴珍珠耳環的少女,3635,戴珍珠耳環的少女
1094,2023,26216,舞動人生,71,舞動人生
1095,2023,26148,藍色的你,971699,藍色的你
1096,2023,24734,慾望之翼,28468,慾望之翼
1097,2023,26361,奇愛博士,935,奇愛博士
1098,2023,23322,阿凡達：水之道,76600,阿凡達：水之道
1100,2023,24868,不可能的任務：致命清算 第一章,575264,不可能的任務：致命清算 第一章
1102,2023,23924,超級瑪利歐兄弟電影版,502356,超級瑪利歐兄弟電影版
1104,2023,23894,捍衛任務4,603692,捍衛任務4
1105,2023,24917,奧本海默,872585,奧本海默
1106,2023,24938,Barbie芭比,346698,Barbie芭比
1107,2023,24532,變形金剛：萬獸崛起,667538,變形金剛：萬獸崛起
1108,2023,22676,黑亞當,436270,黑亞當
1111,2023,24540,閃電俠,298618,閃電俠
1115,2023,21777,子彈列車,718930,子彈列車
1116,2023,24499,蜘蛛人：穿越新宇宙,569094,蜘蛛人：穿越新宇宙
1117,2023,24784,元素方城市,976573,元素方城市
1118,2023,23736,龍與地下城：盜賊榮耀,493529,龍與地下城：盜賊榮耀
1120,2023,26269,旺卡,787699,旺卡
1121,2023,20828,媽的多重宇宙,545611,媽的多重宇宙
1122,2023,26218,飢餓遊戲：鳴鳥與游蛇之歌,695721,飢餓遊戲：鳴鳥與游蛇之歌
1123,2023,25279,私刑教育3,926393,私刑教育3
1124,2023,24998,GT：跨界玩家,980489,GT：跨界玩家
1125,2023,25278,鬼修女II,968051,鬼修女II
1126,2023,5887,小美人魚,447277,小美人魚
1129,2023,23393,窒友梅根,536554,窒友梅根
1131,2023,23564,玩命特攻：武演行動,739405,玩命特攻：武演行動
1132,2023,25524,A.I.創世者,670292,A.I.創世者
1133,2023,25090,藍甲蟲,565770,藍甲蟲
1134,2023,23772,沙贊！眾神之怒,594767,沙贊！眾神之怒
1136,2023,23590,迫降危機,646389,迫降危機
1137,2023,25428,浴血任務4,299054,浴血任務4
1138,2023,25408,威尼斯魅影謀殺案,945729,威尼斯魅影謀殺案
1139,2023,25536,奪魂鋸X,951491,奪魂鋸X
1140,2023,22373,微笑,882598,微笑
1141,2023,24857,陰兒房：鬼門陰深處,614479,陰兒房：鬼門陰深處
1143,2023,25816,花月殺手,466420,花月殺手
1144,2023,26318,星願,1022796,星願
1145,2023,616,怪物,1050035,怪物
1146,2023,22355,幸福入場券,800939,幸福入場券
1148,2023,22663,五星饗魘,593643,五星饗魘
1151,2023,21837,DC超級寵物軍團,539681,DC超級寵物軍團
1152,2023,25892,佛萊迪餐館之五夜驚魂,507089,佛萊迪餐館之五夜驚魂
1153,2023,25060,幽靈公館,616747,幽靈公館
1154,2023,24097,梵蒂岡驅魔士,758323,梵蒂岡驅魔士
1155,2023,23399,超難搞先生,937278,超難搞先生
1156,2023,23889,AIR,652087,AIR
1157,2023,23614,我的鯨魚老爸,785084,我的鯨魚老爸
1158,2023,24286,正宗巨齒鯊,890771,正宗巨齒鯊
1159,2023,25186,爆復,762430,爆復
1160,2023,25429,自由之聲,678512,自由之聲
1162,2023,25933,超危險保鑣,897087,超危險保鑣
1163,2023,24866,珍愛硬起來,884605,珍愛硬起來
1164,2023,23517,巴比倫,615777,巴比倫
1166,2023,24414,坎達哈行動,717930,坎達哈行動
1167,2023,23155,決戰38度線,653851,決戰38度線
1168,2023,23855,65：恐怖行星,700391,65：恐怖行星
1169,2023,24416,鬼出櫃,532408,鬼出櫃
1170,2023,25061,忍者龜：變種大亂鬥,614930,忍者龜：變種大亂鬥
1171,2023,25044,之前的我們,666277,之前的我們
1173,2023,7858,以你的名字呼喚我,398818,以你的名字呼喚我
1174,2023,23959,吸血鬼特助：雷菲爾,649609,吸血鬼特助：雷菲爾
1175,2023,16091,黑暗騎士,155,黑暗騎士
1176,2023,23153,暴戾夜,899112,暴戾夜
1177,2023,23014,鱷魚歌王,830784,鱷魚歌王
1179,2023,23629,人肉搜索2：失蹤搜救,768362,人肉搜索2：失蹤搜救
1183,2023,22530,阿姆斯特丹,664469,阿姆斯特丹
1184,2023,24782,變身少女露比,1040148,變身少女露比
1185,2023,26278,無聲夜,891699,無聲夜
1186,2023,18430,夢想之地,615643,夢想之地
1187,2023,24493,小行星城,747188,小行星城
1188,2023,22195,拉辛正傳,601635,拉辛正傳
1189,2023,26075,恐怖感恩劫,1071215,恐怖感恩劫
1190,2023,22652,月光光新慌慌：萬聖結,616820,月光光新慌慌：萬聖結
1191,2023,22924,骨肉的總和,791177,骨肉的總和
1193,2023,23321,與你共舞,696157,與你共舞
1194,2023,22476,哥兒們,614939,哥兒們
1195,2023,24597,復仇狗聯盟,912908,復仇狗聯盟
1196,2023,22242,看你往哪跑,766475,看你往哪跑
1197,2023,23588,敲敲門,631842,敲敲門
1199,2023,26513,法拉利,365620,法拉利
1200,2023,23426,劫婚大作戰,758009,劫婚大作戰
1201,2023,24496,催眠狙擊,536437,催眠狙擊
1202,2023,22649,伊尼舍林的女妖,674324,伊尼舍林的女妖
1203,2023,26229,下一球，勝利,621587,下一球，勝利
1204,2023,26305,夢行者保羅,823482,夢行者保羅
1205,2023,23613,熊蓋毒,804150,熊蓋毒
1206,2023,24189,限時追捕,605886,限時追捕
1207,2023,25800,親愛的大衛,609768,親愛的大衛
1208,2023,24467,一個人的朝聖,844409,一個人的朝聖
1209,2023,23711,殺手迴戰,876969,殺手迴戰
1211,2023,24870,電梯遊戲,1015303,電梯遊戲
1212,2023,23536,法貝爾曼,804095,法貝爾曼
1213,2023,24970,鬼郵輪：瑪麗皇后號,977013,鬼郵輪：瑪麗皇后號
1215,2023,24046,寶可噩夢,798286,寶可噩夢
1216,2023,25141,喜幹會,864168,喜幹會
1217,2023,23651,鬼臥床,917007,鬼臥床
1218,2023,23084,她有話要說,837881,她有話要說
1220,2023,26192,五月的你，十二月的她,839369,五月的你，十二月的她
1221,2023,22709,愛．子,806368,愛．子
1222,2023,24637,義美超級爸,829051,義美超級爸
1223,2023,25985,新核能時代,1004685,新核能時代
1224,2023,26267,沼澤王的女兒,798362,沼澤王的女兒
1225,2023,25349,印咒：畢舍遮,1024773,印咒：畢舍遮
1226,2023,24252,追殺代理人,942199,追殺代理人
1227,2023,6252,八月三十一日，我在奧斯陸,75233,八月三十一日，我在奧斯陸
1228,2023,25340,地獄來的乘客,1030987,地獄來的乘客
1229,2023,23311,朝聖之路：聖雅各,59468,朝聖之路：聖雅各
1230,2023,26339,贖罪日之戰,899524,贖罪日之戰
1232,2023,23771,屍蹤天使,1043565,屍蹤天使
1233,2023,23752,火線埋伏,1074034,火線埋伏
1234,2023,24259,上流謀殺案,989473,上流謀殺案
1235,2023,23687,所有的美麗與血淚,1004663,所有的美麗與血淚
1236,2023,26038,劊樂時光,1113278,劊樂時光
1237,2023,23861,致蕾絲莉,823147,致蕾絲莉
1238,2023,23661,俠探特攻：驚爆獨立日,1035806,俠探特攻：驚爆獨立日
1239,2023,22678,光影帝國,814757,光影帝國
1240,2023,23947,深夜加油站遇見蘇格拉底,13689,深夜加油站遇見蘇格拉底
1243,2023,25321,限時引爆,1156255,限時引爆
1244,2023,25178,奪魂鋸,176,奪魂鋸
1245,2023,24662,大愚樂家,553147,大愚樂家
1251,2023,25993,樹懶殺三小,1040892,樹懶殺三小
1252,2023,23437,日出日落：屋頂上的提琴手,927263,日出日落：屋頂上的提琴手
1254,2023,23415,血仇生死鬥,894169,血仇生死鬥
1255,2023,26213,闇之祭,853387,闇之祭
1257,2023,25729,飢餓遊戲：星火燎原,101299,飢餓遊戲：星火燎原
1259,2023,24881,我的左派老師,7859,我的左派老師
1260,2023,25086,與狼共舞,581,與狼共舞
1261,2023,24841,謎霧莊園,5279,謎霧莊園
1263,2023,25187,我的藍莓夜,1989,我的藍莓夜
1264,2023,26324,壁花男孩,84892,壁花男孩
1265,2023,24661,飢餓遊戲,70160,飢餓遊戲
1266,2023,20138,驚爆點,1089,驚爆點
1267,2023,25070,冰風暴,68924,冰風暴
1268,2023,23892,捍衛任務,245891,捍衛任務
1269,2023,24377,非關男孩,245,非關男孩
1270,2023,23652,珍愛熱線,579496,珍愛熱線
1271,2023,21035,超級救援狗,577721,超級救援狗
1278,2023,23288,海底世界,1306218,海底世界
1281,2023,24256,燃起希望之火,849242,燃起希望之火
1282,2023,1691,地下社會,11902,地下社會
1283,2023,25040,雪后奇緣,898230,雪后奇緣
1284,2023,24880,喵喵博物館,923579,喵喵博物館
1285,2023,23704,胡桃鉗與魔笛公主的奇幻冒險,589759,胡桃鉗與魔笛公主的奇幻冒險
1287,2023,23838,公主與野獸,576925,公主與野獸
1288,2023,23462,柴可夫斯基的妻子,901358,柴可夫斯基的妻子
1289,2023,22524,獵空計畫,818415,獵空計畫
1290,2023,18826,革命前夕的摩托車日記,1653,革命前夕的摩托車日記
1292,2023,24253,鷹勇潛艦,611854,鷹勇潛艦
1295,2023,15103,燃燒女子的畫像,531428,燃燒女子的畫像
1296,2023,26257,人犬,944401,人犬
1297,2023,6210,艾蜜莉的異想世界,194,艾蜜莉的異想世界
1298,2023,23376,親密,11845,親密
1299,2023,21995,正發生,793998,正發生
1301,2023,24073,聖母院大火：世紀浩劫,811596,聖母院大火：世紀浩劫
1302,2023,25764,杜巴利伯爵夫人,921452,杜巴利伯爵夫人
1303,2023,23859,我的2年妓女生涯,960139,我的2年妓女生涯
1306,2023,24284,摘星甜點王,975762,摘星甜點王
1307,2023,5183,花神咖啡館,85033,花神咖啡館
1308,2023,17412,85年的夏天,659959,85年的夏天
1309,2023,23550,不離職冒險王,745608,不離職冒險王
1310,2023,20943,親愛的童伴,749004,親愛的童伴
1311,2023,24095,燃燒的玫瑰,785980,燃燒的玫瑰
1312,2023,23837,再一次勇敢跳躍,771077,再一次勇敢跳躍
1313,2023,23712,無人相信的真相,925714,無人相信的真相
1314,2023,25828,進化症候群,943134,進化症候群
1315,2023,23375,美好的早晨,747779,美好的早晨
1316,2023,7310,不思議女人,429191,不思議女人
1317,2023,24117,豪門心計,786977,豪門心計
1318,2023,23933,追兇12夜,925102,追兇12夜
1319,2023,25413,榮耀之路,958219,榮耀之路
1320,2023,15218,星星知我心,478860,星星知我心
1321,2023,24522,烈火浩劫,944306,烈火浩劫
1322,2023,25461,塞納河上的船屋,1070449,塞納河上的船屋
1323,2023,23827,爛人,962543,爛人
1325,2023,23420,玩具當家,865498,玩具當家
1327,2023,23945,聖奧梅爾殺嬰案,925943,聖奧梅爾殺嬰案
1328,2023,23872,小淘氣尼古拉：快樂的源頭,893366,小淘氣尼古拉：快樂的源頭
1330,2023,23666,揮灑心篇章,960275,揮灑心篇章
1331,2023,25352,交響狂花,958179,交響狂花
1332,2023,23857,聖蛛,889699,聖蛛
1333,2023,24063,詭樓,852432,詭樓
1334,2023,23546,販愛天堂,892515,販愛天堂
1335,2023,23660,盲柳與沉睡的女人,678299,盲柳與沉睡的女人
1336,2023,23265,有你就是家,914203,有你就是家
1337,2023,26247,像高達一樣寂寞,1005409,像高達一樣寂寞
1338,2023,24573,她和他的女兒,803694,她和他的女兒
1339,2023,25423,冬日男孩,918044,冬日男孩
1340,2023,23792,唐璜羅曼死,657198,唐璜羅曼死
1341,2023,23493,回到首爾,952701,回到首爾
1342,2023,26382,愛情轉移,898673,愛情轉移
1343,2023,22715,愛在生命終結時,843093,愛在生命終結時
1345,2023,20963,藍色是最溫暖的顏色,152584,藍色是最溫暖的顏色
1346,2023,25323,野獸們,848685,野獸們
1347,2023,22740,抓狂養老院,736500,抓狂養老院
1348,2023,25745,小嫉妒,803688,小嫉妒
1349,2023,25118,勇闖太空,881693,勇闖太空
1350,2023,23904,正年輕,848958,正年輕
1351,2023,23785,尋找第5味,788030,尋找第5味
1352,2023,26266,茱莉亞四重奏,892530,茱莉亞四重奏
1353,2023,24313,安妮艾諾 超八時光,964681,安妮艾諾 超八時光
1354,2023,23392,地下疑雲,925459,地下疑雲
1355,2023,23932,五個惡魔,820697,五個惡魔
1356,2023,24072,玫瑰母親,926889,玫瑰母親
1357,2023,23285,西蒙娜：世紀之聲,740937,西蒙娜：世紀之聲
1361,2023,7634,影子軍隊,15383,影子軍隊
1363,2023,7635,沉默之海,40650,沉默之海
1364,2023,24032,中國女人,1629,中國女人
1367,2023,19736,廣島之戀,5544,廣島之戀
1368,2023,24485,印度之歌,85927,印度之歌
1370,2023,24486,長別離,131836,長別離
1373,2023,23897,玫瑰母親,926889,玫瑰母親
1374,2023,23957,戰爭開打之際,967874,戰爭開打之際
1375,2023,18751,四百擊,147,四百擊
1379,2023,25591,幸福的所在,997659,幸福的所在
1380,2023,23858,駭人骨娃娃,1008005,駭人骨娃娃
1381,2023,24498,驅魔13,1026563,驅魔13
1382,2023,25130,24小時賭命倒數,1053587,24小時賭命倒數
1383,2023,23754,桃子樹的最後豐收,804251,桃子樹的最後豐收
1384,2023,26214,轉生幻夢,1077684,轉生幻夢
1385,2023,23198,湯恩與劍客汪汪隊,768726,湯恩與劍客汪汪隊
1387,2023,26092,與達利有約,1091044,與達利有約
1388,2023,25101,換宿夜驚魂,1064801,換宿夜驚魂
1389,2023,26349,荒漠斷背情,963765,荒漠斷背情
1390,2023,24213,神鬼第六感,1933,神鬼第六感
1391,2023,24051,屍智症,994128,屍智症
1392,2023,24859,情慾獨角獸,1078920,情慾獨角獸
1393,2023,23560,驚獄77,913991,驚獄77
1394,2023,23188,梵天神器：滅世開端,496331,梵天神器：滅世開端
1395,2023,23828,幸運狗狗來造訪,634120,幸運狗狗來造訪
1396,2023,24494,永遠的好麻吉,872556,永遠的好麻吉
1397,2023,20903,天堂電影院,821494,天堂電影院
1398,2023,26150,屍禁,1121962,屍禁
1399,2023,23338,鬼搖靈2：陰語陣陣,925786,鬼搖靈2：陰語陣陣
1400,2023,24260,鬼噤聲,1018518,鬼噤聲
1401,2023,24867,神選之地,960206,神選之地
1402,2023,20728,何處是我朋友的家？,49964,何處是我朋友的家？
1404,2023,20804,橄欖樹下的情人,47104,橄欖樹下的情人
1405,2023,20758,生生長流,83761,生生長流
1407,2023,23354,片場風暴,1005299,片場風暴
1408,2023,25177,德黑蘭雙面疑雲,1008043,德黑蘭雙面疑雲
1409,2023,24497,這裡沒有熊,974521,這裡沒有熊
1410,2023,24515,三張面孔,517731,三張面孔
1411,2023,24045,萊拉兄弟,962558,萊拉兄弟
1412,2023,23488,萬惡世代,782044,萬惡世代
1413,2023,20740,沉默呼聲,888602,沉默呼聲
1414,2023,23566,長春事件,949000,長春事件
1415,2023,24138,烈火焚身,46738,烈火焚身
1416,2023,25168,生命之舞,1128001,生命之舞
1417,2023,23963,絕命控制,986088,絕命控制
1421,2023,26377,童魘,9613,童魘
1422,2023,23352,她和她們的電影課,866611,她和她們的電影課
1424,2023,23463,灌籃高手 THE FIRST SLAM DUNK,783675,灌籃高手 THE FIRST SLAM DUNK
1425,2023,23742,鈴芽之旅,916224,鈴芽之旅
1427,2023,25730,蒼鷺與少年,508883,蒼鷺與少年
1431,2023,24939,新次元！蠟筆小新電影超能力大決戰～飛吧！手卷壽司～,1059572,新次元！蠟筆小新電影超能力大決戰～飛吧！手卷壽司～
1432,2023,24925,電影哆啦A夢：大雄與天空的理想鄉,1030587,電影哆啦A夢：大雄與天空的理想鄉
1434,2023,23956,鏡之孤城,942881,鏡之孤城
1435,2023,13730,普羅米亞,553600,普羅米亞
1436,2023,23197,關於我轉生變成史萊姆這檔事劇場版 紅蓮之絆篇,876792,關於我轉生變成史萊姆這檔事劇場版 紅蓮之絆篇
1437,2023,20610,神隱少女,129,神隱少女
1438,2023,24544,BLUE GIANT 藍色巨星,887870,BLUE GIANT 藍色巨星
1439,2023,21718,角落小夥伴電影版：藍色月夜的魔法之子,877840,角落小夥伴電影版：藍色月夜的魔法之子
1443,2023,16264,阿基拉,149,阿基拉
1444,2023,23148,通往夏天的隧道，再見的出口,916192,通往夏天的隧道，再見的出口
1445,2023,22194,七龍珠超：超級英雄,610150,七龍珠超：超級英雄
1446,2023,24969,青春豬頭少年不會夢到嬌憐外出妹,1056803,青春豬頭少年不會夢到嬌憐外出妹
1448,2023,23473,新世紀福音戰士新劇場版：終,283566,新世紀福音戰士新劇場版：終
1449,2023,14011,青春豬頭少年不會夢到懷夢美少女,572154,青春豬頭少年不會夢到懷夢美少女
1450,2023,14811,HELLO WORLD,1388561,HELLO WORLD
1451,2023,22878,天空之城,10515,天空之城
1452,2023,26383,青春豬頭少年不會夢到紅書包女孩,1086591,青春豬頭少年不會夢到紅書包女孩
1453,2023,22962,即使，這份戀情今晚會從世上消失,977871,即使，這份戀情今晚會從世上消失
1454,2023,22380,破案天才伽利略：沉默的遊行,956564,破案天才伽利略：沉默的遊行
1455,2023,24431,新．假面騎士,813477,新．假面騎士
1456,2023,25895,數碼寶貝02 THE BEGINNING,872976,數碼寶貝02 THE BEGINNING
1457,2023,23783,魔女宅急便,16859,魔女宅急便
1460,2023,26122,電影版 勿說是推理,1064669,電影版 勿說是推理
1461,2023,24914,GRIDMAN UNIVERSE,915403,GRIDMAN UNIVERSE
1465,2023,25776,劇場版城市獵人：天使之淚,1056133,劇場版城市獵人：天使之淚
1466,2023,24781,惡靈古堡：死亡島,1083862,惡靈古堡：死亡島
1467,2023,23638,僕愛君愛：致深愛妳的那個我,874745,僕愛君愛：致深愛妳的那個我
1468,2023,23948,美麗的他電影版,1064662,美麗的他電影版
1469,2023,23637,僕愛君愛：致我深愛的每個妳,874743,僕愛君愛：致我深愛的每個妳
1470,2023,8693,坂本龍一：終章,473888,坂本龍一：終章
1471,2023,18297,令人討厭的松子的一生,31512,令人討厭的松子的一生
1472,2023,24118,我的幸福婚約,1037348,我的幸福婚約
1473,2023,24575,SEE HEAR LOVE 看不見聽不見也愛你,1124341,SEE HEAR LOVE 看不見聽不見也愛你
1475,2023,26242,歡迎來到駒田蒸餾所,1119211,歡迎來到駒田蒸餾所
1477,2023,17242,感官世界,5879,感官世界
1479,2023,25398,岸邊露伴在羅浮,1069813,岸邊露伴在羅浮
1480,2023,25105,忌怪島,1114205,忌怪島
1485,2023,25815,特別篇 吹響吧！上低音號～合奏團競賽篇～,1108306,特別篇 吹響吧！上低音號～合奏團競賽篇～
1487,2023,21941,北齋：浮世繪傳奇,698215,北齋：浮世繪傳奇
1488,2023,23935,月之圓缺,961257,月之圓缺
1489,2023,21790,特『刀劍亂舞-花丸-』～雪之卷～,978039,特『刀劍亂舞-花丸-』～雪之卷～
1490,2023,23249,天使降臨到我身邊！珍貴的朋友,966709,天使降臨到我身邊！珍貴的朋友
1492,2023,24308,金之國水之國,991190,金之國水之國
1493,2023,23663,愛是自私,1027273,愛是自私
1496,2023,22408,特『刀劍亂舞-花丸-』～華之卷～,1081641,特『刀劍亂舞-花丸-』～華之卷～
1498,2023,22167,特『刀劍亂舞-花丸-』～月之卷～,1081640,特『刀劍亂舞-花丸-』～月之卷～
1499,2023,24372,快一秒的他,1029475,快一秒的他
1500,2023,24317,湯道,1029486,湯道
1501,2023,24033,百花,936490,百花
1502,2023,19242,東京復仇者,698201,東京復仇者
1503,2023,22511,信用詐欺師JP：英雄篇,930432,信用詐欺師JP：英雄篇
1504,2023,25117,來自雪國的遺書,1030205,來自雪國的遺書
1505,2023,23384,TANG,961415,TANG
1508,2023,23341,那個男人,869886,那個男人
1510,2023,25761,詭屋,22970,詭屋
1511,2023,24089,心之谷,37797,心之谷
1512,2023,25072,#人孔,1029621,#人孔
1513,2023,24835,暗湧情事,348869,暗湧情事
1514,2023,23401,邪惡的孩子,958017,邪惡的孩子
1518,2023,26454,寬鬆世代又怎樣：INTERNATIONAL,1119114,寬鬆世代又怎樣：INTERNATIONAL
1519,2023,20047,青春特調蜂蜜檸檬蘇打,853821,青春特調蜂蜜檸檬蘇打
1520,2023,26478,窗邊的小荳荳,1106904,窗邊的小荳荳
1521,2023,24341,惠子不能輸,928730,惠子不能輸
1525,2023,25320,斷捨離天堂,1129646,斷捨離天堂
1526,2023,21929,七五計劃,958487,七五計劃
1527,2023,23041,蒲公英,11830,蒲公英
1528,2023,23040,葬禮,42095,葬禮
1529,2023,24112,指尖上綻放的愛,819163,指尖上綻放的愛
1530,2023,24789,SSSS.DYNAZENON 劇場總集篇,1068607,SSSS.DYNAZENON 劇場總集篇
1532,2023,25039,銀河鐵道之父,1062844,銀河鐵道之父
1533,2023,8749,幻之光,18872,幻之光
1538,2023,24086,Fishmans,800151,Fishmans
1539,2023,23224,舌尖上的禪,1024298,舌尖上的禪
1540,2023,23438,彬與瑛,961410,彬與瑛
1541,2023,23603,追海豚的長崎夏日,971602,追海豚的長崎夏日
1542,2023,8878,無人知曉的夏日清晨,2517,無人知曉的夏日清晨
1543,2023,24468,名偵探神助理：黃金螺旋之謎,1029479,名偵探神助理：黃金螺旋之謎
1544,2023,23700,我們的黎明,950863,我們的黎明
1545,2023,25079,千輝同學未免甜得過火,1029484,千輝同學未免甜得過火
1547,2023,18637,天外者,746257,天外者
1548,2023,26139,天一亮，就想見到你,1120459,天一亮，就想見到你
1549,2023,26279,花腐,1115167,花腐
1551,2023,25317,黑夜遊行,1034660,黑夜遊行
1553,2023,8873,橫山家之味,25050,橫山家之味
1554,2023,26398,銀河鐵道之夜,37585,銀河鐵道之夜
1557,2023,25632,名偵探麻里子最悲慘的一天,1017441,名偵探麻里子最悲慘的一天
1559,2023,23192,線，畫出的我,961266,線，畫出的我
1560,2023,25131,善良的牧本先生,961267,善良的牧本先生
1563,2023,26515,坂本龍一：OPUS,1156189,坂本龍一：OPUS
1566,2023,24728,呼叫愛美子,828948,呼叫愛美子
1568,2023,23492,怪談比留子,38405,怪談比留子
1569,2023,25127,電影哆啦A夢：大雄與奇跡之島,160642,電影哆啦A夢：大雄與奇跡之島
1573,2023,24753,銀平町的電影時光,1064872,銀平町的電影時光
1574,2023,23264,魔幻時刻,46361,魔幻時刻
1575,2023,24109,離不開你的依賴,1035647,離不開你的依賴
1577,2023,24876,謎樣的你,1076535,謎樣的你
1578,2023,25041,夏洛克的孩子們,1019661,夏洛克的孩子們
1579,2023,23145,她喜歡的是,804032,她喜歡的是
1580,2023,25243,冰淇淋般的愛戀,1067298,冰淇淋般的愛戀
1581,2023,23222,有頂天大飯店,112903,有頂天大飯店
1582,2023,24514,渴水,968146,渴水
1583,2023,25313,明天星期一,1040496,明天星期一
1584,2023,25241,破案天才伽利略：嫌疑犯X的獻身,42341,破案天才伽利略：嫌疑犯X的獻身
1586,2023,23602,霍爾的移動城堡,4935,霍爾的移動城堡
1587,2023,24834,百合的雨聲,994741,百合的雨聲
1589,2023,23312,手,846716,手
1590,2023,23235,夜鷹的單戀,879008,夜鷹的單戀
1591,2023,24060,這就是我,57118,這就是我
1592,2023,23262,鬼壓床了沒,130023,鬼壓床了沒
1593,2023,24992,超市之女,81296,超市之女
1594,2023,25176,破案天才伽利略：真夏方程式,204702,破案天才伽利略：真夏方程式
1595,2023,23123,艾莉絲旅館,872667,艾莉絲旅館
1596,2023,24108,扶桑花女孩之舞,760765,扶桑花女孩之舞
1597,2023,24993,女稅務員,42011,女稅務員
1598,2023,23639,愛情失格,1009447,愛情失格
1599,2023,24994,受監護的女人,164207,受監護的女人
1600,2023,23121,唱出戀愛的苦惱,969441,唱出戀愛的苦惱
1601,2023,25099,民暴之女,110283,民暴之女
1602,2023,26193,託生君系列：很長很長的故事開始的早晨,1134409,託生君系列：很長很長的故事開始的早晨
1604,2023,24418,六月之蛇,33431,六月之蛇
1608,2023,25100,女稅務員2,41962,女稅務員2
1611,2023,26492,魔法公主,128,魔法公主
1612,2023,26545,崖上的波妞,12429,崖上的波妞
1613,2023,26364,革命＋1,1026301,革命＋1
1617,2023,24996,鴻運女,83183,鴻運女
1618,2023,24995,大病人,83205,大病人
1620,2023,23784,人體動物圖鑑：烏龜的殼其實是肋骨,1021860,人體動物圖鑑：烏龜的殼其實是肋骨
1630,2023,24999,狂琴畸戀,85032,狂琴畸戀
1632,2023,24094,愛情美樂地,962571,愛情美樂地
1633,2023,24088,地中海發燒友,958291,地中海發燒友
1634,2023,23193,無法無天,598,無法無天
1635,2023,18107,醉好的時光,580175,醉好的時光
1636,2023,26121,壞教慾女孩,958234,壞教慾女孩
1637,2023,23535,關於我和鬼變成家人的那件事,983883,關於我和鬼變成家人的那件事
1638,2023,23355,想見你,804725,想見你
1640,2023,24818,請問，還有哪裡需要加強,1016392,請問，還有哪裡需要加強
1641,2023,25590,周處除三害,1046090,周處除三害
1642,2023,25306,女鬼橋2：怨鬼樓,999087,女鬼橋2：怨鬼樓
1643,2023,22531,流麻溝十五號,1005555,流麻溝十五號
1645,2023,25116,我的麻吉4個鬼,993092,我的麻吉4個鬼
1647,2023,24035,化劫,977209,化劫
1648,2023,24066,速命道,1012267,速命道
1649,2023,25994,BIG,1054087,BIG
1650,2023,23506,詐團圓,1022862,詐團圓
1651,2023,25586,惡女,1047003,惡女
1652,2023,24014,疫起,1040284,疫起
1653,2023,24663,查無此心,1006763,查無此心
1654,2023,14895,悲情城市,49982,悲情城市
1655,2023,22671,罪後真相,1007962,罪後真相
1656,2023,22659,你在我心上,1025086,你在我心上
1657,2023,23671,本日公休,956288,本日公休
1658,2023,23408,山中森林,991898,山中森林
1659,2023,25063,老狐狸,1006012,老狐狸
1660,2023,21785,哈勇家,975812,哈勇家
1661,2023,25149,我最愛的笨男人,1080494,我最愛的笨男人
1663,2023,23926,車頂上的玄天上帝,996108,車頂上的玄天上帝
1664,2023,16901,海霧,734732,海霧
1665,2023,25422,小曉,1005996,小曉
1666,2023,20921,少年吔，安啦！,205464,少年吔，安啦！
1667,2023,25222,他馬克老闆,1022108,他馬克老闆
1668,2023,23394,黑的教育,741329,黑的教育
1669,2023,26076,赤心巔峰,1168337,赤心巔峰
1670,2023,22082,科學少女,957112,科學少女
1671,2023,24370,南方，寂寞鐵道,1021768,南方，寂寞鐵道
1672,2023,25335,成功補習班,1036397,成功補習班
1673,2023,21165,神人之家,937356,神人之家
1674,2023,20817,我心我行,1006694,我心我行
1676,2023,21119,一家子兒咕咕叫,899460,一家子兒咕咕叫
1677,2023,23831,我和我的賽車老爸,975810,我和我的賽車老爸
1678,2023,23961,青春並不溫柔,1006024,青春並不溫柔
1679,2023,24054,不能流淚的悲傷,1077310,不能流淚的悲傷
1680,2023,23795,守護黑面琵鷺,1084783,守護黑面琵鷺
1681,2023,24023,消失的紫斑蝶,1096018,消失的紫斑蝶
1682,2023,25818,撼山河 撼向世界,1168336,撼山河 撼向世界
1683,2023,23729,九槍,1029179,九槍
1684,2023,18550,溟溟,1006683,溟溟
1686,2023,24239,我的天堂城市,1007976,我的天堂城市
1687,2023,15447,日子,662400,日子
1689,2023,21174,孫行者傳,1026182,孫行者傳
1690,2023,21825,舞徑,1017006,舞徑
1691,2023,25334,邀阿公阿嬤拍B級殭屍片,1167792,邀阿公阿嬤拍B級殭屍片
1692,2023,23139,一起一起,1050665,一起一起
1693,2023,25728,少男少女,1088428,少男少女
1694,2023,24009,油麻菜籽,272122,油麻菜籽
1695,2023,18424,徘徊年代,829584,徘徊年代
1696,2023,24053,空巢,975817,空巢
1697,2023,22673,無邊,1032330,無邊
1699,2023,23611,機甲英雄 劇場版 我與我等於無限大,1170696,機甲英雄 劇場版 我與我等於無限大
1700,2023,24257,WOMEN 我們不知道的事,1121326,WOMEN 我們不知道的事
1701,2023,26220,花若盛開,1209560,花若盛開
1702,2023,25312,愛是一把槍,1155680,愛是一把槍
1703,2023,21373,夢遊樂園,899464,夢遊樂園
1704,2023,21200,夏日天空的那匹紅馬,814174,夏日天空的那匹紅馬
1705,2023,23835,炸彈客,1093453,炸彈客
1707,2023,24036,擒慾女王,1125053,擒慾女王
1708,2023,24012,麻罪犯,1117283,麻罪犯
1709,2023,24011,獸刑,1153794,獸刑
1710,2023,22475,稻浪上的夢想家,1200506,稻浪上的夢想家
1711,2023,24013,花開富貴,1130343,花開富貴
1712,2023,24044,X,1165736,X
1713,2023,24059,人之初性本善,1121017,人之初性本善
1714,2023,21839,動物感傷の清晨,937101,動物感傷の清晨
1715,2023,21690,家家,975681,家家
1716,2023,22710,失序正義,1039769,失序正義
1718,2023,21171,勸世三姊妹：大銀幕特別版,1035872,勸世三姊妹：大銀幕特別版
1719,2023,25737,穿著旗袍的女孩,1331693,穿著旗袍的女孩
1720,2023,24214,妖怪森林,1177667,妖怪森林
1721,2023,23934,壞男孩,1007944,壞男孩
1722,2023,25587,鑽石水族世界,1016255,鑽石水族世界
1723,2023,24752,小子,1008742,小子
1724,2023,12236,彩雲飛,438210,彩雲飛
1731,2023,12575,風兒踢踏踩,87953,風兒踢踏踩
1732,2023,20319,第一爐香,660002,第一爐香
1733,2023,24277,龍馬精神,931102,龍馬精神
1734,2023,23465,一直一直都很喜歡你,1022830,一直一直都很喜歡你
1735,2023,25213,海的盡頭是草原,1019619,海的盡頭是草原
1736,2023,25415,峰爆,862855,峰爆
1739,2023,24221,熱帶往事,824738,熱帶往事
1740,2023,24132,古董局中局,820099,古董局中局
1741,2023,16189,不丹是教室,627087,不丹是教室
1742,2023,11237,大象席地而坐,499556,大象席地而坐
1743,2023,16612,蘇州河,11599,蘇州河
1744,2023,23886,炎日,682152,炎日
1745,2023,26314,春風勁草,665733,春風勁草
1746,2024,29157,再見了！茱莉亞,1111750,再見了！茱莉亞
1747,2024,26856,破墓,838209,破墓
1748,2024,19169,薩滿,745881,薩滿
1749,2024,27237,犯罪都市4,1017163,犯罪都市4
1750,2024,28309,SEVENTEEN TOUR 'FOLLOW' AGAIN TO CINEMAS,1317874,SEVENTEEN TOUR 'FOLLOW' AGAIN TO CINEMAS
1751,2024,28784,再見，福寶,1314450,再見，福寶
1752,2024,27809,亡命機劫,1147710,亡命機劫
1753,2024,28112,BLACKPINK WORLD TOUR [BORN PINK] IN CINEMAS,1307028,BLACKPINK WORLD TOUR [BORN PINK] IN CINEMAS
1754,2024,28010,寂噤計畫,726139,寂噤計畫
1755,2024,28349,變身機長,965094,變身機長
1756,2024,28533,JUNG KOOK: I AM STILL,1315707,JUNG KOOK: I AM STILL
1757,2024,28477,aespa: MY First page,1229421,aespa: MY First page
1758,2024,26037,鬼車站,844386,鬼車站
1759,2024,27053,屍咒,1169340,屍咒
1760,2024,26405,12.12：首爾之春,919207,12.12：首爾之春
1761,2024,28164,絕地逃生,921436,絕地逃生
1762,2024,25179,MAMAMOO：MY CON THE MOVIE,1137172,MAMAMOO：MY CON THE MOVIE
1763,2024,26696,外星+人2：回到未來,626412,外星+人2：回到未來
1764,2024,20981,SEVENTEEN POWER OF LOVE : THE MOVIE,946615,SEVENTEEN POWER OF LOVE : THE MOVIE
1765,2024,28929,辣手警探2,995926,辣手警探2
1768,2024,27722,超完美暗殺隊,865910,超完美暗殺隊
1769,2024,29439,聽說,41531,聽說
1770,2024,29715,IVE The 1st World Tour in Cinema,1361488,IVE The 1st World Tour in Cinema
1771,2024,27606,她死了,743815,她死了
1772,2024,27933,找死凶宅,736720,找死凶宅
1774,2024,26381,鬼6怨,1168166,鬼6怨
1775,2024,23796,8釐米：詛咒影帶,977155,8釐米：詛咒影帶
1776,2024,27222,神鬼對決,1007127,神鬼對決
1777,2024,29470,心葬,660355,心葬
1778,2024,26661,金派特攻隊,696047,金派特攻隊
1779,2024,25736,沒有國家的冠軍,581394,沒有國家的冠軍
1780,2024,29501,Baekhyun: Lonsdaleite [dot] in Cinemas,1375053,Baekhyun: Lonsdaleite [dot] in Cinemas
1783,2024,25588,雉岳山怪談,987540,雉岳山怪談
1784,2024,29630,窺鏡,936245,窺鏡
1785,2024,26562,鬼媽媽的假期,661681,鬼媽媽的假期
1787,2024,26260,全羅道少年殺人事件,714651,全羅道少年殺人事件
1789,2024,26353,水鬼,848145,水鬼
1791,2024,24206,魯蛇大翻身,936243,魯蛇大翻身
1792,2024,29235,在熙的男，朋友,1154154,在熙的男，朋友
1793,2024,19640,攔截聲命線,644714,攔截聲命線
1794,2024,27534,首爾單身日記,717088,首爾單身日記
1796,2024,28506,邪體：鬼拼屠,987538,邪體：鬼拼屠
1797,2024,27876,60分鐘亡命直播,838206,60分鐘亡命直播
1798,2024,26596,露梁：死亡之海,660360,露梁：死亡之海
1799,2024,26776,日日好狗日,876127,日日好狗日
1800,2024,28918,TAEYONG: TY TRACK IN CINEMAS,1338226,TAEYONG: TY TRACK IN CINEMAS
1801,2024,28490,警賊黑白衝,1063814,警賊黑白衝
1802,2024,28047,塔羅牌,1300157,塔羅牌
1803,2024,29099,非普通家族,973628,非普通家族
1804,2024,26950,惡獸之戰,799710,惡獸之戰
1806,2024,28638,當我的指尖觸碰到你的溫度時,1234114,當我的指尖觸碰到你的溫度時
1807,2024,26496,電影版 淘氣小企鵝啵樂樂 超級明星大冒險,1189165,電影版 淘氣小企鵝啵樂樂 超級明星大冒險
1808,2024,29007,幸福國度,783111,幸福國度
1809,2024,29249,薩滿新娘,1314446,薩滿新娘
1812,2024,28086,愛殺特攻隊,746349,愛殺特攻隊
1813,2024,27417,惡鄰羅曼史,1005533,惡鄰羅曼史
1815,2024,19243,腦海中的橡皮擦,15859,腦海中的橡皮擦
1817,2024,28270,那年夏天，想見妳,1117291,那年夏天，想見妳
1818,2024,26509,韓國都市恐怖怪談：詭手,717712,韓國都市恐怖怪談：詭手
1823,2024,26618,美麗的聲音,40167,美麗的聲音
1824,2024,29085,皇后復仇中,976581,皇后復仇中
1825,2024,27070,超危險警探,978592,超危險警探
1826,2024,26127,餓之必要,938250,餓之必要
1827,2024,25771,我的完美日常,976893,我的完美日常
1829,2024,18110,竊聽風暴,582,竊聽風暴
1830,2024,26705,失控教室,998022,失控教室
1831,2024,27821,56種喝采,888768,56種喝采
1833,2024,25861,野火蔓延時,900379,野火蔓延時
1834,2024,26477,戰火下的小狐狸,936117,戰火下的小狐狸
1835,2024,26571,金髮毒藥,982202,金髮毒藥
1836,2024,28526,飛鳥總動員,1061855,飛鳥總動員
1838,2024,23290,蘿拉快跑,104,蘿拉快跑
1839,2024,26307,全面監視,951051,全面監視
1840,2024,17414,未來的我們,623184,未來的我們
1841,2024,26427,巴赫曼-沙漠追愛之旅,978580,巴赫曼-沙漠追愛之旅
1843,2024,26956,最後一次的生日派對,958186,最後一次的生日派對
1844,2024,28987,惡夢偵相,772450,惡夢偵相
1846,2024,27554,泯滅天使,29264,泯滅天使
1847,2024,28456,薩滿男孩,730256,薩滿男孩
1848,2024,27233,如果我可以冬眠,986855,如果我可以冬眠
1850,2024,24351,收陰機,1017063,收陰機
1851,2024,26917,盜墓奇美拉,837335,盜墓奇美拉
1852,2024,24638,回不去的那座山,803700,回不去的那座山
1853,2024,27360,如果可以再死一次,700819,如果可以再死一次
1854,2024,27229,少年的漂浪旅程,937746,少年的漂浪旅程
1855,2024,28179,我們還有明天,1026227,我們還有明天
1856,2024,27511,教宗家的小兒子,801112,教宗家的小兒子
1857,2024,28212,流浪吉普賽,1023962,流浪吉普賽
1858,2024,26619,歡迎光臨黑手黨餐廳,838876,歡迎光臨黑手黨餐廳
1860,2024,26730,蓋世怪胎,571468,蓋世怪胎
1861,2024,26873,盛夏最溫暖的初戀,1043997,盛夏最溫暖的初戀
1863,2024,26756,鬼影直播,1070535,鬼影直播
1864,2024,26481,巫術,1015936,巫術
1865,2024,28674,生活瑣事,3423,生活瑣事
1867,2024,28302,流氓驅魔師,1280832,流氓驅魔師
1868,2024,28219,小孩不笨3,1287250,小孩不笨3
1870,2024,23721,巫母,782936,巫母
1871,2024,23888,夏日悄悄話,916405,夏日悄悄話
1872,2024,29155,罪惡對決,1027073,罪惡對決
1874,2024,26803,踹你死功夫,1050904,踹你死功夫
1876,2024,28829,富豪遊戲,1078810,富豪遊戲
1877,2024,28461,湄公河水鬼,1309123,湄公河水鬼
1878,2024,26817,鬼怨偶,1202618,鬼怨偶
1880,2024,27030,再愛一次,1210973,再愛一次
1881,2024,27836,鬼厄犬,1222274,鬼厄犬
1882,2024,29718,鬼妹,906467,鬼妹
1883,2024,29086,草迷宮恐怖殺人事件,1327383,草迷宮恐怖殺人事件
1884,2024,27989,血色之路,989589,血色之路
1886,2024,29011,靠近維梅爾,1090031,靠近維梅爾
1887,2024,26140,富都青年,1027982,富都青年
1888,2024,25182,五月雪,973587,五月雪
1889,2024,25990,戰場日記,1058616,戰場日記
1890,2024,26543,鬼聲泣,1134433,鬼聲泣
1891,2024,27654,金孫爆富攻略,1103621,金孫爆富攻略
1892,2024,29096,鬼聲泣2,1247019,鬼聲泣2
1893,2024,28569,屍控戰場,1244361,屍控戰場
1894,2024,28280,跳越時空的愛戀,1167366,跳越時空的愛戀
1895,2024,27521,屍油降,1241429,屍油降
1896,2024,26441,送葬人,1113119,送葬人
1897,2024,20265,2gether電影版：只因我們天生一對,810406,2gether電影版：只因我們天生一對
1898,2024,27372,鬼妻塚,1181045,鬼妻塚
1899,2024,26990,鬼面女,1102510,鬼面女
1900,2024,28279,猛鬼大學：邪無止禁,1226170,猛鬼大學：邪無止禁
1902,2024,29717,死命必達,1288175,死命必達
1903,2024,29428,鬼碟仙,1322616,鬼碟仙
1904,2024,26631,邪妓,1100705,邪妓
1905,2024,28301,哈囉！萌鬼屋,1257388,哈囉！萌鬼屋
1906,2024,28647,鬼禁地,1143959,鬼禁地
1907,2024,26647,他的最後一個朋友,1093215,他的最後一個朋友
1908,2024,29610,404宿靈速速逃,1290213,404宿靈速速逃
1909,2024,28269,暹羅詛咒,1113142,暹羅詛咒
1910,2024,27736,分期付款愛上你,1052160,分期付款愛上你
1911,2024,29063,荊棘天堂,1290206,荊棘天堂
1912,2024,26501,情牽浮生戲,1076011,情牽浮生戲
1913,2024,18137,鬼影,17111,鬼影
1914,2024,28508,惡業,1224589,惡業
1915,2024,20314,記憶,511819,記憶
1916,2024,27108,屍控大賣場,1072493,屍控大賣場
1917,2024,28485,可恨的初戀！,1072582,可恨的初戀！
1918,2024,25777,初戀你我他,977179,初戀你我他
1919,2024,26752,唐人街恰恰,1113071,唐人街恰恰
1922,2024,28082,荒野心家園,1208994,荒野心家園
1923,2024,27645,催眠,68477,催眠
1925,2024,27383,九龍城寨之圍城,923667,九龍城寨之圍城
1926,2024,26471,金手指,823598,金手指
1927,2024,26510,潛行,999056,潛行
1929,2024,29429,破·地獄,1226141,破·地獄
1930,2024,26612,臨時劫案,991197,臨時劫案
1931,2024,29635,誤判,1128650,誤判
1932,2024,27822,海關戰線,989909,海關戰線
1933,2024,27002,但願人長久,942074,但願人長久
1936,2024,26033,年少日記,957863,年少日記
1938,2024,26743,七月返歸,1063863,七月返歸
1940,2024,29012,我談的那場戀愛,1136690,我談的那場戀愛
1941,2024,28167,怨泊,1050491,怨泊
1942,2024,23635,毒舌大狀,990326,毒舌大狀
1944,2024,22420,飯戲攻心,851800,飯戲攻心
1945,2024,26919,白晝如焚,993156,白晝如焚
1946,2024,28509,武替道,1095805,武替道
1947,2024,17126,幻愛,674813,幻愛
1948,2024,26077,困獸,1172012,困獸
1949,2024,19986,濁水漂流,740467,濁水漂流
1950,2024,26567,爆裂點,1020784,爆裂點
1951,2024,26761,飯戲攻心2,1187970,飯戲攻心2
1952,2024,26893,填詞L,998137,填詞L
1953,2024,26762,不是你不愛你,1184505,不是你不愛你
1954,2024,23965,窄路微塵,957861,窄路微塵
1955,2024,26690,詩,1098275,詩
1956,2024,29466,從今以後,1157680,從今以後
1957,2024,26614,源生罪,991193,源生罪
1960,2024,23439,投奔怒海,72445,投奔怒海
1961,2024,29672,爸爸,1178574,爸爸
1962,2024,27484,來世還作人,1117166,來世還作人
1963,2024,27506,全個世界都有電話,1100901,全個世界都有電話
1964,2024,26397,夜校,1177518,夜校
1965,2024,18456,父親,600354,父親
1966,2024,23548,日麗,965150,日麗
1967,2024,26779,夢想集中營,467244,夢想集中營
1968,2024,27764,逃出狂鯊島,804616,逃出狂鯊島
1969,2024,2858,巴黎，德州,655,巴黎，德州
1970,2024,28176,九命貓的奇幻旅程,567811,九命貓的奇幻旅程
1971,2024,28213,森之聲：猩火燎原,785429,森之聲：猩火燎原
1972,2024,27512,失速芭蕾,714675,失速芭蕾
1973,2024,27446,嗜殺路人甲,1010600,嗜殺路人甲
1974,2024,27437,小熊維尼2：噬血維尼,1079485,小熊維尼2：噬血維尼
1975,2024,27820,鳥,571,鳥
1977,2024,27813,黑水巷,1215918,黑水巷
1978,2024,26804,老橡樹酒館,970348,老橡樹酒館
1979,2024,24717,小提琴天后慕特：愛樂一生,1104840,小提琴天后慕特：愛樂一生
1981,2024,26885,邪厄恩典,879689,邪厄恩典
1985,2024,26148,藍色的你,971699,藍色的你
1989,2024,28917,布勒合唱團：溫布利球場演唱會,1274237,布勒合唱團：溫布利球場演唱會
1991,2024,28108,天生女王,896639,天生女王
1992,2024,26320,怪胎女孩,935906,怪胎女孩
1994,2024,28828,地獄灰姑娘,1130053,地獄灰姑娘
1995,2024,29574,Laufey's A Night at the Symphony: Hollywood Bowl,1375774,Laufey's A Night at the Symphony: Hollywood Bowl
1996,2024,24734,慾望之翼,28468,慾望之翼
1997,2024,26932,非關性愛,1075175,非關性愛
1998,2024,27786,忙愛不如盲婚,800301,忙愛不如盲婚
2000,2024,26881,尋找小津,76406,尋找小津
2002,2024,18040,法蘭克,171372,法蘭克
2005,2024,24868,不可能的任務：致命清算 第一章,575264,不可能的任務：致命清算 第一章
2006,2024,14082,小丑,475557,小丑
2007,2024,28065,死侍與金鋼狼,533535,死侍與金鋼狼
2010,2024,26768,沙丘：第二部,693134,沙丘：第二部
2011,2024,24917,奧本海默,872585,奧本海默
2013,2024,24938,Barbie芭比,346698,Barbie芭比
2015,2024,19182,沙丘,438631,沙丘
2017,2024,28977,猛毒最終章：最後一舞,912649,猛毒最終章：最後一舞
2018,2024,24499,蜘蛛人：穿越新宇宙,569094,蜘蛛人：穿越新宇宙
2019,2024,28195,異形：羅穆路斯,945961,異形：羅穆路斯
2020,2024,29376,海洋奇緣2,1241982,海洋奇緣2
2021,2024,26269,旺卡,787699,旺卡
2022,2024,24784,元素方城市,976573,元素方城市
2023,2024,27384,猩球崛起：王國誕生,653346,猩球崛起：王國誕生
2025,2024,27947,龍捲風暴,718821,龍捲風暴
2026,2024,27607,絕地戰警：生死與共,573435,絕地戰警：生死與共
2028,2024,26218,飢餓遊戲：鳴鳥與游蛇之歌,695721,飢餓遊戲：鳴鳥與游蛇之歌
2029,2024,25279,私刑教育3,926393,私刑教育3
2031,2024,26581,蜂刑者,866398,蜂刑者
2032,2024,24998,GT：跨界玩家,980489,GT：跨界玩家
2033,2024,25278,鬼修女II,968051,鬼修女II
2034,2024,27481,芙莉歐莎：瘋狂麥斯傳奇篇章,786892,芙莉歐莎：瘋狂麥斯傳奇篇章
2035,2024,27870,噤界：入侵日,762441,噤界：入侵日
2036,2024,28528,荒野機器人,1184918,荒野機器人
2037,2024,29401,魔法壞女巫,402431,魔法壞女巫
2038,2024,26243,可憐的東西,792307,可憐的東西
2039,2024,26318,星願,1022796,星願
2040,2024,29094,紅色一號,845781,紅色一號
2041,2024,29594,獅子王：木法沙,762509,獅子王：木法沙
2042,2024,17104,星際效應,157336,星際效應
2043,2024,26968,功夫熊貓 4,1011985,功夫熊貓 4
2045,2024,28404,台北追緝令,1167271,台北追緝令
2048,2024,27163,特技玩家,746036,特技玩家
2049,2024,28393,變形金剛：源起,698687,變形金剛：源起
2050,2024,25524,A.I.創世者,670292,A.I.創世者
2052,2024,25408,威尼斯魅影謀殺案,945729,威尼斯魅影謀殺案
2053,2024,25536,奪魂鋸X,951491,奪魂鋸X
2054,2024,28877,懼裂,933260,懼裂
2055,2024,27343,帝國浩劫：美國內戰,929590,帝國浩劫：美國內戰
2056,2024,26738,蜘蛛夫人,634492,蜘蛛夫人
2057,2024,26338,飛鴨向前衝,940551,飛鴨向前衝
2058,2024,25816,花月殺手,466420,花月殺手
2059,2024,27490,加菲貓：農場大冒險,748783,加菲貓：農場大冒險
2060,2024,29584,獵人克萊文,539972,獵人克萊文
2062,2024,28109,圈套,1032823,圈套
2063,2024,28390,陰間大法師 BEETLEJUICE,917496,陰間大法師 BEETLEJUICE
2064,2024,25892,佛萊迪餐館之五夜驚魂,507089,佛萊迪餐館之五夜驚魂
2065,2024,27952,長腿,1226578,長腿
2066,2024,26759,天眼救援,969492,天眼救援
2068,2024,27387,幻幻之交,639720,幻幻之交
2070,2024,25429,自由之聲,678512,自由之聲
2071,2024,26940,魔鬼剋星：冰天凍地,967847,魔鬼剋星：冰天凍地
2072,2024,25933,超危險保鑣,897087,超危險保鑣
2073,2024,27045,非紳士特攻隊,799583,非紳士特攻隊
2074,2024,25061,忍者龜：變種大亂鬥,614930,忍者龜：變種大亂鬥
2075,2024,26513,法拉利,365620,法拉利
2076,2024,26842,極限長征,618588,極限長征
2078,2024,27914,邪惡勿語,1114513,邪惡勿語
2079,2024,29087,隔壁的房間,1088514,隔壁的房間
2080,2024,26989,天魔：惡之初,437342,天魔：惡之初
2081,2024,26565,愛愛愛上你,1072790,愛愛愛上你
2082,2024,26959,鬼聖胎,1041613,鬼聖胎
2083,2024,26926,伏慄熊,1125311,伏慄熊
2084,2024,26278,無聲夜,891699,無聲夜
2085,2024,27155,窒命危機,720321,窒命危機
2086,2024,28198,邊緣禁地,365177,邊緣禁地
2087,2024,28403,龍族戰神：重生,957452,龍族戰神：重生
2088,2024,24493,小行星城,747188,小行星城
2089,2024,27153,噬血芭蕾,1111873,噬血芭蕾
2090,2024,27625,窺探者,1086747,窺探者
2091,2024,26075,恐怖感恩劫,1071215,恐怖感恩劫
2092,2024,27877,飛月情海,956842,飛月情海
2093,2024,29083,劊樂小丑3,1034541,劊樂小丑3
2094,2024,29513,異教詭屋,1138194,異教詭屋
2095,2024,29526,魔戒：洛汗人之戰,839033,魔戒：洛汗人之戰
2097,2024,28197,到我們為止,1079091,到我們為止
2098,2024,27623,當殺手戀愛時,974635,當殺手戀愛時
2099,2024,28839,鬼袋人,978796,鬼袋人
2101,2024,27173,挑戰者,937287,挑戰者
2102,2024,28233,求救眨眨眼,840705,求救眨眨眼
2103,2024,26229,下一球，勝利,621587,下一球，勝利
2104,2024,26305,夢行者保羅,823482,夢行者保羅
2105,2024,26508,叛諜檔案,927107,叛諜檔案
2106,2024,28782,地獄怪客：歪曲人的詛咒,1087822,地獄怪客：歪曲人的詛咒
2107,2024,26716,青春養成記,508947,青春養成記
2108,2024,24467,一個人的朝聖,844409,一個人的朝聖
2109,2024,28738,千萬別放手,814889,千萬別放手
2111,2024,27810,救援生死線,628922,救援生死線
2112,2024,29082,艾諾拉,1064213,艾諾拉
2113,2024,27114,怒火狂猴,560016,怒火狂猴
2114,2024,26775,滯留生,840430,滯留生
2115,2024,27447,滅世男孩,882059,滅世男孩
2116,2024,28534,超完美家政婦,1064028,超完美家政婦
2118,2024,25141,喜幹會,864168,喜幹會
2119,2024,27522,失憶殺神,972614,失憶殺神
2120,2024,28654,孤狼救援,5492,孤狼救援
2124,2024,26624,一個人的逃亡,944194,一個人的逃亡
2125,2024,27172,蜘蛛驚,1087388,蜘蛛驚
2126,2024,28455,羅素克洛之大法師,646683,羅素克洛之大法師
2127,2024,25985,新核能時代,1004685,新核能時代
2128,2024,26796,雷鬼之父：音樂無國界,802219,雷鬼之父：音樂無國界
2129,2024,29188,驚爆封鎖線,1081012,驚爆封鎖線
2130,2024,28551,逃出搶錢鎮,974250,逃出搶錢鎮
2131,2024,26339,贖罪日之戰,899524,贖罪日之戰
2132,2024,17496,愛在黎明破曉時,76,愛在黎明破曉時
2133,2024,23311,朝聖之路：聖雅各,59468,朝聖之路：聖雅各
2134,2024,17486,愛在日落巴黎時,80,愛在日落巴黎時
2135,2024,26836,天使之心,975056,天使之心
2136,2024,27946,不羈騎士,1008409,不羈騎士
2137,2024,26625,貓王與我,1020006,貓王與我
2139,2024,26805,師情化慾,1026436,師情化慾
2141,2024,28527,樂一通大戰外星人：粉紅末日,870360,樂一通大戰外星人：粉紅末日
2142,2024,28827,太陽王與人魚：新帝國,245842,太陽王與人魚：新帝國
2143,2024,26958,彼岸的真相,1162322,彼岸的真相
2144,2024,29166,劊樂小丑2,663712,劊樂小丑2
2146,2024,27840,白南準：月亮是最古早的電視,916738,白南準：月亮是最古早的電視
2147,2024,28214,狸太怨,1019939,狸太怨
2149,2024,27001,瓊拜雅：三重人格,1075815,瓊拜雅：三重人格
2150,2024,25321,限時引爆,1156255,限時引爆
2151,2024,27785,超級殺,1165466,超級殺
2152,2024,28783,來自地獄的邪靈,913673,來自地獄的邪靈
2154,2024,29065,劊樂小丑,420634,劊樂小丑
2155,2024,20486,BJ單身日記,634,BJ單身日記
2156,2024,26324,壁花男孩,84892,壁花男孩
2158,2024,28761,霸愛之路,1000780,霸愛之路
2159,2024,26554,醉鄉民謠,86829,醉鄉民謠
2160,2024,26777,紀伯倫哈利勒：先知,283161,紀伯倫哈利勒：先知
2161,2024,21035,超級救援狗,577721,超級救援狗
2163,2024,29619,靈魂的重量,470,靈魂的重量
2166,2024,22118,以你的名字呼喚我,398818,以你的名字呼喚我
2167,2024,29250,死亡日記,1443,死亡日記
2168,2024,28626,末世生存者,1051896,末世生存者
2170,2024,28878,全力揮擊,1079810,全力揮擊
2172,2024,23288,海底世界,1306218,海底世界
2176,2024,27769,鬼氣球,1246014,鬼氣球
2177,2024,28639,靈寓,1219522,靈寓
2178,2024,26387,我不是教你詐,1137196,我不是教你詐
2179,2024,27932,末日倒數12小時,864101,末日倒數12小時
2180,2024,28177,狗狗歌劇院,1112357,狗狗歌劇院
2182,2024,26384,阿爾及爾的末代王后,958161,阿爾及爾的末代王后
2183,2024,26760,鬼燭靈,1211728,鬼燭靈
2184,2024,27944,農民：愛慾情謎,734002,農民：愛慾情謎
2185,2024,24253,鷹勇潛艦,611854,鷹勇潛艦
2186,2024,26691,上流誘惑,1048516,上流誘惑
2187,2024,27046,禁忌之慾,1017066,禁忌之慾
2188,2024,28669,真愛未了情,12652,真愛未了情
2189,2024,27558,中產階級拘謹的魅力,4593,中產階級拘謹的魅力
2190,2024,28671,熟男不疑惑,42454,熟男不疑惑
2191,2024,28673,當警探戀愛時,3427,當警探戀愛時
2193,2024,27559,自由的幻影,5558,自由的幻影
2194,2024,27556,青樓怨婦,649,青樓怨婦
2196,2024,27560,朦朧的慾望,5781,朦朧的慾望
2199,2024,26430,再見機器人,838240,再見機器人
2200,2024,26257,人犬,944401,人犬
2201,2024,26686,墜惡真相,915935,墜惡真相
2202,2024,15103,燃燒女子的畫像,531428,燃燒女子的畫像
2203,2024,26656,火上鍋,964960,火上鍋
2204,2024,19894,鈦,630240,鈦
2205,2024,21995,正發生,793998,正發生
2206,2024,25764,杜巴利伯爵夫人,921452,杜巴利伯爵夫人
2209,2024,25828,進化症候群,943134,進化症候群
2213,2024,26382,愛情轉移,898673,愛情轉移
2214,2024,26941,瑪格麗特戀習題,960033,瑪格麗特戀習題
2215,2024,28501,超時空愛殺,914206,超時空愛殺
2216,2024,18268,我愛你，你愛她，她愛他,661935,我愛你，你愛她，她愛他
2217,2024,25461,塞納河上的船屋,1070449,塞納河上的船屋
2219,2024,27964,時髦女子,995746,時髦女子
2220,2024,21866,春日小戀曲,712134,春日小戀曲
2221,2024,23872,小淘氣尼古拉：快樂的源頭,893366,小淘氣尼古拉：快樂的源頭
2222,2024,27483,宮殿大飯店,824016,宮殿大飯店
2224,2024,26692,給我個機會,995408,給我個機會
2225,2024,25352,交響狂花,958179,交響狂花
2226,2024,26967,日安，朵朵,1004555,日安，朵朵
2228,2024,25323,野獸們,848685,野獸們
2229,2024,27643,萬事通大全,888003,萬事通大全
2230,2024,26351,逆轉廢材人生,965791,逆轉廢材人生
2231,2024,29427,絕命樂透彩,1216452,絕命樂透彩
2234,2024,28503,歡迎菜老師,934506,歡迎菜老師
2235,2024,28310,鄰家密友,961082,鄰家密友
2237,2024,20136,夏日之戀,1628,夏日之戀
2238,2024,26957,愛離巢,989238,愛離巢
2239,2024,26266,茱莉亞四重奏,892530,茱莉亞四重奏
2240,2024,29189,噠噠噠達利,1045770,噠噠噠達利
2241,2024,27463,日落喜劇,995808,日落喜劇
2242,2024,26669,戰地琴人,423,戰地琴人
2244,2024,26317,魔籽公主,970867,魔籽公主
2249,2024,21399,安達魯之犬,626,安達魯之犬
2250,2024,19204,花神咖啡館,85033,花神咖啡館
2251,2024,27156,大發明家,676727,大發明家
2252,2024,29484,戰火浮生錄,37335,戰火浮生錄
2253,2024,29481,男歡女愛,42726,男歡女愛
2254,2024,18751,四百擊,147,四百擊
2255,2024,24254,不思議女人,429191,不思議女人
2259,2024,27770,承諾大海的老師,1024541,承諾大海的老師
2260,2024,29605,安眠殺機,1235926,安眠殺機
2262,2024,26149,雙眼之間,997294,雙眼之間
2263,2024,29064,地下終劫站,1276210,地下終劫站
2264,2024,26794,兩萬種蜜蜂,1053600,兩萬種蜜蜂
2267,2024,28045,她們的盛夏微愛,1088851,她們的盛夏微愛
2270,2024,25101,換宿夜驚魂,1064801,換宿夜驚魂
2272,2024,26349,荒漠斷背情,963765,荒漠斷背情
2274,2024,24213,神鬼第六感,1933,神鬼第六感
2278,2024,29093,殺,1160018,殺
2279,2024,29372,你是我眼中的那道光,927547,你是我眼中的那道光
2281,2024,26150,屍禁,1121962,屍禁
2282,2024,23338,鬼搖靈2：陰語陣陣,925786,鬼搖靈2：陰語陣陣
2283,2024,27547,鬼舞村：詛咒起源,1176166,鬼舞村：詛咒起源
2284,2024,27495,鬼咧號,1128936,鬼咧號
2285,2024,28653,薇娜：死後七日,1148817,薇娜：死後七日
2286,2024,27997,血繼,1264429,血繼
2287,2024,27235,全境炸裂,1126128,全境炸裂
2288,2024,26431,網紅教慾,987419,網紅教慾
2290,2024,29238,我最喜歡的蛋糕,1234591,我最喜歡的蛋糕
2291,2024,25177,德黑蘭雙面疑雲,1008043,德黑蘭雙面疑雲
2293,2024,20201,麥特與麥斯,519141,麥特與麥斯
2294,2024,24138,烈火焚身,46738,烈火焚身
2295,2024,27647,人道主義吸血鬼徵求自願獻身者,988402,人道主義吸血鬼徵求自願獻身者
2296,2024,26763,親愛的愛莉絲,850028,親愛的愛莉絲
2297,2024,27485,愛情本性論,912520,愛情本性論
2298,2024,27735,紅色房間,912480,紅色房間
2299,2024,26147,無法融化的祕密,923387,無法融化的祕密
2300,2024,27891,魔女荷莉,989496,魔女荷莉
2301,2024,27158,給我愛過的前任們,989232,給我愛過的前任們
2302,2024,23463,灌籃高手 THE FIRST SLAM DUNK,783675,灌籃高手 THE FIRST SLAM DUNK
2303,2024,27007,劇場版 排球少年!! 垃圾場的決戰,1012201,劇場版 排球少年!! 垃圾場的決戰
2305,2024,25730,蒼鷺與少年,508883,蒼鷺與少年
2307,2024,28240,電影蠟筆小新：我們的恐龍日記,1221404,電影蠟筆小新：我們的恐龍日記
2308,2024,28046,驀然回首,1244492,驀然回首
2310,2024,27950,電影哆啦A夢：大雄的地球交響樂,1148677,電影哆啦A夢：大雄的地球交響樂
2311,2024,24925,電影哆啦A夢：大雄與天空的理想鄉,1030587,電影哆啦A夢：大雄與天空的理想鄉
2313,2024,26492,魔法公主,128,魔法公主
2317,2024,23602,霍爾的移動城堡,4935,霍爾的移動城堡
2318,2024,13730,普羅米亞,553600,普羅米亞
2319,2024,26666,鬼太郎誕生：咯咯咯之謎,904759,鬼太郎誕生：咯咯咯之謎
2322,2024,20610,神隱少女,129,神隱少女
2323,2024,24544,BLUE GIANT 藍色巨星,887870,BLUE GIANT 藍色巨星
2326,2024,9977,龍貓,8392,龍貓
2328,2024,26383,青春豬頭少年不會夢到紅書包女孩,1086591,青春豬頭少年不會夢到紅書包女孩
2329,2024,20279,在車上,758866,在車上
2330,2024,22878,天空之城,10515,天空之城
2331,2024,26478,窗邊的小荳荳,1106904,窗邊的小荳荳
2333,2024,27600,角落小夥伴電影版：奇幻的玩具工廠,1148588,角落小夥伴電影版：奇幻的玩具工廠
2334,2024,29645,LAST MILE：全面引爆,1276108,LAST MILE：全面引爆
2335,2024,26553,去唱卡拉OK吧！,1070507,去唱卡拉OK吧！
2336,2024,28087,劇場版 賽馬娘Pretty Derby：新時代之門,1223178,劇場版 賽馬娘Pretty Derby：新時代之門
2337,2024,29592,我獨自升級：二次覺醒,1357633,我獨自升級：二次覺醒
2338,2024,27965,劇場總集篇 孤獨搖滾！Re:,1129610,劇場總集篇 孤獨搖滾！Re:
2341,2024,27157,貓的報恩,15370,貓的報恩
2345,2024,17498,GIVEN~被贈與的未來 劇場版,632632,GIVEN~被贈與的未來 劇場版
2346,2024,23783,魔女宅急便,16859,魔女宅急便
2352,2024,26122,電影版 勿說是推理,1064669,電影版 勿說是推理
2353,2024,19687,偶然與想像,795811,偶然與想像
2354,2024,3033,情書,47002,情書
2355,2024,27667,秒速5公分,38142,秒速5公分
2356,2024,28111,四月，她將到來。,1120846,四月，她將到來。
2357,2024,26515,坂本龍一：OPUS,1156189,坂本龍一：OPUS
2364,2024,28637,成為星星的少女,1216623,成為星星的少女
2367,2024,20535,電影版 昨日的美食,824362,電影版 昨日的美食
2369,2024,26242,歡迎來到駒田蒸餾所,1119211,歡迎來到駒田蒸餾所
2370,2024,28777,陰陽師0,1201210,陰陽師0
2371,2024,25398,岸邊露伴在羅浮,1069813,岸邊露伴在羅浮
2372,2024,28392,詭異之家,1188456,詭異之家
2374,2024,26552,邪惡根本不存在,1156125,邪惡根本不存在
2375,2024,28063,言葉之庭,198375,言葉之庭
2376,2024,27301,完美配對謀殺案,1044555,完美配對謀殺案
2377,2024,18774,花束般的戀愛,695932,花束般的戀愛
2378,2024,25991,北極百貨的秋乃小姐,1117609,北極百貨的秋乃小姐
2380,2024,26778,怪物樵夫,1137142,怪物樵夫
2383,2024,29517,消失的豪門妻,1276849,消失的豪門妻
2388,2024,29390,沙奈：詛咒之歌,1130899,沙奈：詛咒之歌
2389,2024,28476,我心裡的太陽,1267822,我心裡的太陽
2390,2024,28159,派對咖孔明 Road to Summer Sonia,1211650,派對咖孔明 Road to Summer Sonia
2391,2024,19852,詛咒,264718,詛咒
2392,2024,19510,心靈遊戲,21712,心靈遊戲
2393,2024,28753,藍色時期,1268198,藍色時期
2395,2024,27812,雲之彼端，約定的地方,12924,雲之彼端，約定的地方
2398,2024,27648,異國日記,1163269,異國日記
2399,2024,27666,在大雪封閉的山莊裡,1231785,在大雪封閉的山莊裡
2400,2024,27375,Silent Love,261124,Silent Love
2401,2024,26454,寬鬆世代又怎樣：INTERNATIONAL,1119114,寬鬆世代又怎樣：INTERNATIONAL
2402,2024,28778,黑箱日記,1214499,黑箱日記
2403,2024,25761,詭屋,22970,詭屋
2405,2024,24835,暗湧情事,348869,暗湧情事
2407,2024,27491,鴉色刑事組電影版,1025301,鴉色刑事組電影版
2408,2024,27159,假面騎士555 20th 復活的天堂,1122715,假面騎士555 20th 復活的天堂
2409,2024,27379,長夜盡頭的微光,1086011,長夜盡頭的微光
2410,2024,20047,青春特調蜂蜜檸檬蘇打,853821,青春特調蜂蜜檸檬蘇打
2411,2024,27811,追逐繁星的孩子,79707,追逐繁星的孩子
2413,2024,26579,法庭遊戲,1101181,法庭遊戲
2415,2024,26949,孤島診療所2022,1019421,孤島診療所2022
2420,2024,29052,雨中的慾情,1283793,雨中的慾情
2422,2024,27646,星之聲,37910,星之聲
2423,2024,28231,老師的善意謊言,1273597,老師的善意謊言
2424,2024,27523,春畫先生,1188019,春畫先生
2425,2024,29516,赤羽骨子的秘密保鑣,1302106,赤羽骨子的秘密保鑣
2426,2024,28493,我的一夜騎士,1152908,我的一夜騎士
2427,2024,26580,愛在閃電下,1140221,愛在閃電下
2429,2024,27445,波紋,1062910,波紋
2430,2024,26398,銀河鐵道之夜,37585,銀河鐵道之夜
2431,2024,26139,天一亮，就想見到你,1120459,天一亮，就想見到你
2432,2024,8878,無人知曉的夏日清晨,2517,無人知曉的夏日清晨
2433,2024,6308,失樂園,68606,失樂園
2434,2024,28356,自白,1229076,自白
2435,2024,26279,花腐,1115167,花腐
2438,2024,27665,在那開滿花的山丘，我想見到妳,1153325,在那開滿花的山丘，我想見到妳
2440,2024,28552,仇雲殺機,1244244,仇雲殺機
2441,2024,28504,三日月和貓,1293338,三日月和貓
2442,2024,27414,BLOODY ESCAPE：地獄的逃走劇,1103432,BLOODY ESCAPE：地獄的逃走劇
2443,2024,28894,巡演轉學生,1212497,巡演轉學生
2445,2024,28484,日本人的養成,1186850,日本人的養成
2446,2024,26426,日安，我的母親,1101734,日安，我的母親
2449,2024,28435,來生再見未名的我們,1094482,來生再見未名的我們
2450,2024,28166,不朽之櫻,1276633,不朽之櫻
2451,2024,26960,冰室蓮司：日本統一 台灣篇,1254532,冰室蓮司：日本統一 台灣篇
2452,2024,26388,月,1145026,月
2453,2024,26448,風之谷,81,風之谷
2454,2024,26648,"Fukuyama Masaharu Live Film Kotodama no Sakiwau Natsu ""Boy Meets The Music"" @Nippon Budokan 2023",1210309,"Fukuyama Masaharu Live Film Kotodama no Sakiwau Natsu ""Boy Meets The Music"" @Nippon Budokan 2023"
2457,2024,28178,最後一擊,921,最後一擊
2458,2024,29057,黑之牛,1167863,黑之牛
2461,2024,18764,群青戰記,726657,群青戰記
2463,2024,29389,福田村事件,1155235,福田村事件
2464,2024,25992,我家的故事,1015464,我家的故事
2465,2024,28655,難言之隱,1255316,難言之隱
2466,2024,29514,八犬傳,1276242,八犬傳
2467,2024,29237,惡靈怪談,1265800,惡靈怪談
2468,2024,27435,那日清晨真令人感到空虛,1072742,那日清晨真令人感到空虛
2470,2024,28098,不死戀人,1240834,不死戀人
2471,2024,26845,OUT,1171612,OUT
2472,2024,26514,紅豬,11621,紅豬
2473,2024,26606,情慾的界線,1002535,情慾的界線
2474,2024,29653,劇場版「進擊的巨人」完結篇THE LAST ATTACK,1333100,劇場版「進擊的巨人」完結篇THE LAST ATTACK
2475,2024,28410,我變笨了，請多多指教：媽媽 歡迎回來,969784,我變笨了，請多多指教：媽媽 歡迎回來
2476,2024,28099,大室家-親愛的朋友,1211716,大室家-親愛的朋友
2479,2024,28532,從水深0米開始,1250407,從水深0米開始
2480,2024,23262,鬼壓床了沒,130023,鬼壓床了沒
2481,2024,26645,鐵道員,68837,鐵道員
2482,2024,27120,電影版 吹響吧！上低音號～莉茲與青鳥～,482150,電影版 吹響吧！上低音號～莉茲與青鳥～
2483,2024,22797,殺人結業弒,890526,殺人結業弒
2484,2024,26880,自戀男神,1078280,自戀男神
2486,2024,29441,納米比亞沙漠直播中,1275240,納米比亞沙漠直播中
2488,2024,26617,不完美的愛情革命,478376,不完美的愛情革命
2490,2024,27029,東京公園,202885,東京公園
2491,2024,25649,宛如阿修羅,110852,宛如阿修羅
2492,2024,25444,其後,118785,其後
2493,2024,25672,家族遊戲,117129,家族遊戲
2495,2024,25445,廚房,54201,廚房
2497,2024,27978,如此這般,253235,如此這般
2498,2024,25651,未來的回憶,501657,未來的回憶
2503,2024,27982,藍色假期,1278652,藍色假期
2504,2024,27500,花芯蕩漾,1126361,花芯蕩漾
2505,2024,27151,偶慾,1009087,偶慾
2506,2024,27382,慾望的盡頭,1074174,慾望的盡頭
2507,2024,27327,背德迷情,1032767,背德迷情
2509,2024,27028,蜜鑰,1009082,蜜鑰
2511,2024,24094,愛情美樂地,962571,愛情美樂地
2513,2024,20729,漂浪人生,680813,漂浪人生
2514,2024,27913,荒蕪之地．應許之心,980026,荒蕪之地．應許之心
2515,2024,27109,蘇維埃巴士站,1031050,蘇維埃巴士站
2516,2024,26884,自由協議,1085218,自由協議
2517,2024,27180,短句之國,1079202,短句之國
2518,2024,27436,托芙的房間,1108450,托芙的房間
2523,2024,26751,青春18×2 通往有你的旅程,1188258,青春18×2 通往有你的旅程
2524,2024,26439,鬼才之道,1006724,鬼才之道
2525,2024,25994,BIG,1054087,BIG
2526,2024,25590,周處除三害,1046090,周處除三害
2527,2024,25306,女鬼橋2：怨鬼樓,999087,女鬼橋2：怨鬼樓
2528,2024,26635,還錢,1166073,還錢
2529,2024,28090,夏日的檸檬草,1261250,夏日的檸檬草
2530,2024,25586,惡女,1047003,惡女
2531,2024,26664,鬼天廈,926188,鬼天廈
2532,2024,28395,乒乓男孩,1027588,乒乓男孩
2533,2024,24718,破浪男女,1029244,破浪男女
2534,2024,23671,本日公休,956288,本日公休
2535,2024,25063,老狐狸,1006012,老狐狸
2536,2024,21785,哈勇家,975812,哈勇家
2537,2024,23926,車頂上的玄天上帝,996108,車頂上的玄天上帝
2538,2024,25422,小曉,1005996,小曉
2539,2024,25424,鬼們之蝴蝶大廈,1102857,鬼們之蝴蝶大廈
2540,2024,26076,赤心巔峰,1168337,赤心巔峰
2541,2024,27925,嘎啦,1270769,嘎啦
2543,2024,27723,我想和你在一起,1283068,我想和你在一起
2544,2024,29111,台灣超人,1377013,台灣超人
2545,2024,26546,莎莉,1007980,莎莉
2546,2024,25222,他馬克老闆,1022108,他馬克老闆
2547,2024,27879,愛的噩夢,1078374,愛的噩夢
2548,2024,27462,愛情城事,996871,愛情城事
2549,2024,28748,餘燼,1162931,餘燼
2550,2024,27567,小雁與吳愛麗,1084740,小雁與吳愛麗
2551,2024,27121,我在這裡等你,1214266,我在這裡等你
2552,2024,29379,鳳姐,1015623,鳳姐
2553,2024,28636,愛子歸來,937855,愛子歸來
2554,2024,28405,種土,1088709,種土
2555,2024,27100,女兒的女兒,1006732,女兒的女兒
2556,2024,19608,該死的阿修羅,880156,該死的阿修羅
2557,2024,27644,千禧曼波,11553,千禧曼波
2558,2024,24752,小子,1008742,小子
2559,2024,26795,尋找湯德章,1236428,尋找湯德章
2560,2024,26788,看到靈魂的那隻眼 師公,1248407,看到靈魂的那隻眼 師公
2561,2024,23961,青春並不溫柔,1006024,青春並不溫柔
2562,2024,25522,春行,1083971,春行
2563,2024,24214,妖怪森林,1177667,妖怪森林
2564,2024,29611,交換禮物,1395259,交換禮物
2565,2024,27175,我父英風,1297616,我父英風
2566,2024,25818,撼山河 撼向世界,1168336,撼山河 撼向世界
2567,2024,28830,默殺：無聲之地,1019828,默殺：無聲之地
2568,2024,28088,為我辦一場西式的喪禮,1235022,為我辦一場西式的喪禮
2569,2024,15447,日子,662400,日子
2572,2024,24239,我的天堂城市,1007976,我的天堂城市
2573,2024,27961,導演你有病,1226599,導演你有病
2574,2024,27017,雪水消融的季節,1255586,雪水消融的季節
2575,2024,25728,少男少女,1088428,少男少女
2576,2024,23139,一起一起,1050665,一起一起
2577,2024,27443,阿姨，上學囉！,1308707,阿姨，上學囉！
2579,2024,27340,環南時候,1085574,環南時候
2580,2024,23934,壞男孩,1007944,壞男孩
2581,2024,24257,WOMEN 我們不知道的事,1121326,WOMEN 我們不知道的事
2582,2024,28097,優雅的相遇,1239035,優雅的相遇
2583,2024,23377,（真）新的一天,1022489,（真）新的一天
2584,2024,29502,非想非非想,1341782,非想非非想
2585,2024,25737,穿著旗袍的女孩,1331693,穿著旗袍的女孩
2586,2024,25312,愛是一把槍,1155680,愛是一把槍
2588,2024,28311,念念眷村：文學裡的眷村故事,1311577,念念眷村：文學裡的眷村故事
2589,2024,28363,默視錄,948184,默視錄
2590,2024,27660,客人主人,1305515,客人主人
2591,2024,28070,滿七,1239038,滿七
2592,2024,26594,她說,1233209,她說
2593,2024,26872,以愛之茗,662402,以愛之茗
2594,2024,22894,一一,25538,一一
2595,2024,29573,KANO,256930,KANO
2596,2024,27415,睏寐之際,1006739,睏寐之際
2597,2024,16356,恐怖份子,78450,恐怖份子
2598,2024,27992,誰殺了比利比莉,1149096,誰殺了比利比莉
2599,2024,26479,魅舞,1223386,魅舞
2600,2024,28611,傷痕-老兵的故事,1401562,傷痕-老兵的故事
2601,2024,23701,明天比昨天長久,1006664,明天比昨天長久
2602,2024,27179,台北十日,1330874,台北十日
2605,2024,28890,曦曦,1265692,曦曦
2607,2024,15719,悲情城市,49982,悲情城市
2609,2024,12236,彩雲飛,438210,彩雲飛
2613,2024,27873,刺心切骨,940247,刺心切骨
2614,2024,12575,風兒踢踏踩,87953,風兒踢踏踩
2615,2024,26780,金門,1203439,金門
2616,2024,27203,由島至島,1247973,由島至島
2617,2024,28780,危機航線,949709,危機航線
2618,2024,26560,怒潮,950019,怒潮
2619,2024,29598,一部未完成的電影,878607,一部未完成的電影
2620,2024,26707,莫斯科行動,783121,莫斯科行動
2621,2024,20054,藍宇,27062,藍宇
2623,2024,26650,石門,957996,石門
2624,2024,27945,前途海量,1290839,前途海量
2625,2024,26568,消失的她,1108211,消失的她
2626,2024,26555,拯救嫌疑人,1155257,拯救嫌疑人
2629,2024,26742,沉默筆錄,1181642,沉默筆錄
2631,2024,6091,笨鳥,438030,笨鳥
2632,2024,27234,不丹沒有槍,1109237,不丹沒有槍
2633,2024,28207,十字路口的豬,1287986,十字路口的豬
2634,2024,26314,春風勁草,665733,春風勁草
2636,2024,28411,雪中真相,1008393,雪中真相
